-- Generated by Craft v2.6.2779 on Apr 3, 2016, 10:37:01 PM.

--
-- Disable foreign key checks and autocommit.
--

SET FOREIGN_KEY_CHECKS = 0;
SET SQL_MODE = "NO_AUTO_VALUE_ON_ZERO";
SET AUTOCOMMIT = 0;
SET NAMES utf8;


DROP TABLE IF EXISTS `craft_amforms_content`;


--
-- Schema for table `craft_amforms_content`
--
CREATE TABLE `craft_amforms_content` (
  `id` int(11) NOT NULL AUTO_INCREMENT,
  `elementId` int(11) NOT NULL,
  `locale` char(12) COLLATE utf8_unicode_ci NOT NULL,
  `title` varchar(255) COLLATE utf8_unicode_ci DEFAULT NULL,
  `field_name` text COLLATE utf8_unicode_ci,
  `field_firstName` text COLLATE utf8_unicode_ci,
  `field_lastName` text COLLATE utf8_unicode_ci,
  `field_website` text COLLATE utf8_unicode_ci,
  `field_emailAddress` varchar(255) COLLATE utf8_unicode_ci DEFAULT NULL,
  `field_telephoneNumber` text COLLATE utf8_unicode_ci,
  `field_mobileNumber` text COLLATE utf8_unicode_ci,
  `field_comment` text COLLATE utf8_unicode_ci,
  `field_reaction` text COLLATE utf8_unicode_ci,
  `field_address` text COLLATE utf8_unicode_ci,
  `field_city` text COLLATE utf8_unicode_ci,
  `field_state` varchar(2) COLLATE utf8_unicode_ci DEFAULT NULL,
  `field_zipCode` varchar(5) COLLATE utf8_unicode_ci DEFAULT NULL,
  `dateCreated` datetime NOT NULL,
  `dateUpdated` datetime NOT NULL,
  `uid` char(36) COLLATE utf8_unicode_ci NOT NULL DEFAULT '0',
  PRIMARY KEY (`id`),
  UNIQUE KEY `craft_amforms_content_elementId_locale_unq_idx` (`elementId`,`locale`),
  KEY `craft_amforms_content_title_idx` (`title`),
  KEY `craft_amforms_content_locale_fk` (`locale`)
) ENGINE=InnoDB AUTO_INCREMENT=28 DEFAULT CHARSET=utf8 COLLATE=utf8_unicode_ci;

--
-- Data for table `craft_amforms_content`
--

INSERT INTO `craft_amforms_content` (`id`, `elementId`, `locale`, `title`, `field_name`, `field_firstName`, `field_lastName`, `field_website`, `field_emailAddress`, `field_telephoneNumber`, `field_mobileNumber`, `field_comment`, `field_reaction`, `field_address`, `field_city`, `field_state`, `field_zipCode`, `dateCreated`, `dateUpdated`, `uid`) VALUES
 ('26', '68', 'en_us', 'test@me.com', NULL, 'FIrst', 'Last', NULL, 'test@me.com', '333-333-3333', NULL, 'tst messsagagggge', NULL, NULL, NULL, NULL, NULL, '2016-04-03 19:21:22', '2016-04-03 19:21:22', '74f405fa-062d-4f97-9517-1bec90fd2b46'),
 ('27', '70', 'en_us', 'First Test Last Test', NULL, 'First Test', 'Last Test', NULL, 'test@testing.com', '444-444-4444', NULL, 'test MEASSDFKLSALGe', NULL, NULL, NULL, NULL, NULL, '2016-04-03 19:27:32', '2016-04-03 19:27:32', '2bd52fe9-5c71-46bc-9246-43ea509129eb');



DROP TABLE IF EXISTS `craft_amforms_exports`;


--
-- Schema for table `craft_amforms_exports`
--
CREATE TABLE `craft_amforms_exports` (
  `id` int(11) NOT NULL AUTO_INCREMENT,
  `formId` int(11) NOT NULL,
  `name` varchar(255) COLLATE utf8_unicode_ci DEFAULT NULL,
  `total` int(10) DEFAULT '0',
  `totalCriteria` int(10) DEFAULT NULL,
  `finished` tinyint(1) unsigned NOT NULL DEFAULT '0',
  `file` varchar(255) COLLATE utf8_unicode_ci DEFAULT NULL,
  `map` text COLLATE utf8_unicode_ci,
  `criteria` text COLLATE utf8_unicode_ci,
  `submissions` text COLLATE utf8_unicode_ci,
  `dateCreated` datetime NOT NULL,
  `dateUpdated` datetime NOT NULL,
  `uid` char(36) COLLATE utf8_unicode_ci NOT NULL DEFAULT '0',
  PRIMARY KEY (`id`),
  KEY `craft_amforms_exports_formId_fk` (`formId`)
) ENGINE=InnoDB DEFAULT CHARSET=utf8 COLLATE=utf8_unicode_ci;

DROP TABLE IF EXISTS `craft_amforms_forms`;


--
-- Schema for table `craft_amforms_forms`
--
CREATE TABLE `craft_amforms_forms` (
  `id` int(11) NOT NULL,
  `fieldLayoutId` int(11) DEFAULT NULL,
  `redirectEntryId` int(11) DEFAULT NULL,
  `name` varchar(255) COLLATE utf8_unicode_ci NOT NULL,
  `handle` varchar(255) COLLATE utf8_unicode_ci NOT NULL,
  `titleFormat` varchar(255) COLLATE utf8_unicode_ci NOT NULL,
  `submitAction` varchar(255) COLLATE utf8_unicode_ci DEFAULT NULL,
  `submitButton` varchar(255) COLLATE utf8_unicode_ci DEFAULT NULL,
  `afterSubmitText` text COLLATE utf8_unicode_ci,
  `submissionEnabled` tinyint(1) unsigned NOT NULL DEFAULT '1',
  `sendCopy` tinyint(1) unsigned NOT NULL DEFAULT '0',
  `sendCopyTo` varchar(255) COLLATE utf8_unicode_ci DEFAULT NULL,
  `notificationEnabled` tinyint(1) unsigned NOT NULL DEFAULT '1',
  `notificationFilesEnabled` tinyint(1) unsigned NOT NULL DEFAULT '0',
  `notificationRecipients` varchar(255) COLLATE utf8_unicode_ci DEFAULT NULL,
  `notificationSubject` varchar(255) COLLATE utf8_unicode_ci DEFAULT NULL,
  `notificationSenderName` varchar(255) COLLATE utf8_unicode_ci DEFAULT NULL,
  `notificationSenderEmail` varchar(255) COLLATE utf8_unicode_ci DEFAULT NULL,
  `notificationReplyToEmail` varchar(255) COLLATE utf8_unicode_ci DEFAULT NULL,
  `formTemplate` varchar(255) COLLATE utf8_unicode_ci DEFAULT NULL,
  `tabTemplate` varchar(255) COLLATE utf8_unicode_ci DEFAULT NULL,
  `fieldTemplate` varchar(255) COLLATE utf8_unicode_ci DEFAULT NULL,
  `notificationTemplate` varchar(255) COLLATE utf8_unicode_ci DEFAULT NULL,
  `dateCreated` datetime NOT NULL,
  `dateUpdated` datetime NOT NULL,
  `uid` char(36) COLLATE utf8_unicode_ci NOT NULL DEFAULT '0',
  PRIMARY KEY (`id`),
  KEY `craft_amforms_forms_fieldLayoutId_fk` (`fieldLayoutId`),
  KEY `craft_amforms_forms_redirectEntryId_fk` (`redirectEntryId`)
) ENGINE=InnoDB DEFAULT CHARSET=utf8 COLLATE=utf8_unicode_ci;

--
-- Data for table `craft_amforms_forms`
--

INSERT INTO `craft_amforms_forms` (`id`, `fieldLayoutId`, `redirectEntryId`, `name`, `handle`, `titleFormat`, `submitAction`, `submitButton`, `afterSubmitText`, `submissionEnabled`, `sendCopy`, `sendCopyTo`, `notificationEnabled`, `notificationFilesEnabled`, `notificationRecipients`, `notificationSubject`, `notificationSenderName`, `notificationSenderEmail`, `notificationReplyToEmail`, `formTemplate`, `tabTemplate`, `fieldTemplate`, `notificationTemplate`, `dateCreated`, `dateUpdated`, `uid`) VALUES
 ('22', '77', '69', 'Contact', 'contact', '{emailAddress}', '', 'Send', 'Thanks for your submission.', '1', '0', 'emailAddress', '1', '0', 'mjfeeney3@gmail.com', '{formName} form was submitted through Mikel Fruits Reach Out For Help Foundation website!', 'Mikel Fruits Reach Out For Help Foundation', 'noreply@mikelfruitsrofhf.com', 'noreply@mikelfruitsrofhf.com', '', '', '', '', '2016-02-14 19:44:01', '2016-04-03 19:26:51', 'ef093c4b-8e23-4b15-8587-e0c677005606'),
 ('59', '78', '69', 'Get Help', 'getHelp', '{firstName} {lastName}', '', 'Submit', 'That was the first step', '1', '0', 'comment', '1', '0', 'mjfeeney3@gmail.com', '{formName} form was submitted through the website!', 'Mikel Fruits Reach Out For Help Foundation', 'noreply@mikelfruitsrofhf.com', 'noreply@mikelfruitsrofhf.com', '', '', '', '', '2016-03-25 23:04:37', '2016-04-03 19:27:09', '01253d20-c16d-43e5-9a9d-31d4e00004f1');



DROP TABLE IF EXISTS `craft_amforms_notes`;


--
-- Schema for table `craft_amforms_notes`
--
CREATE TABLE `craft_amforms_notes` (
  `id` int(11) NOT NULL AUTO_INCREMENT,
  `submissionId` int(11) NOT NULL,
  `name` varchar(255) COLLATE utf8_unicode_ci NOT NULL,
  `text` text COLLATE utf8_unicode_ci NOT NULL,
  `dateCreated` datetime NOT NULL,
  `dateUpdated` datetime NOT NULL,
  `uid` char(36) COLLATE utf8_unicode_ci NOT NULL DEFAULT '0',
  PRIMARY KEY (`id`),
  KEY `craft_amforms_notes_submissionId_fk` (`submissionId`)
) ENGINE=InnoDB DEFAULT CHARSET=utf8 COLLATE=utf8_unicode_ci;

DROP TABLE IF EXISTS `craft_amforms_settings`;


--
-- Schema for table `craft_amforms_settings`
--
CREATE TABLE `craft_amforms_settings` (
  `id` int(11) NOT NULL AUTO_INCREMENT,
  `enabled` tinyint(1) unsigned NOT NULL DEFAULT '0',
  `type` varchar(255) COLLATE utf8_unicode_ci NOT NULL,
  `name` varchar(255) COLLATE utf8_unicode_ci NOT NULL,
  `handle` varchar(255) COLLATE utf8_unicode_ci NOT NULL,
  `value` text COLLATE utf8_unicode_ci,
  `dateCreated` datetime NOT NULL,
  `dateUpdated` datetime NOT NULL,
  `uid` char(36) COLLATE utf8_unicode_ci NOT NULL DEFAULT '0',
  PRIMARY KEY (`id`),
  UNIQUE KEY `craft_amforms_settings_type_handle_unq_idx` (`type`,`handle`),
  KEY `craft_amforms_settings_type_idx` (`type`)
) ENGINE=InnoDB AUTO_INCREMENT=22 DEFAULT CHARSET=utf8 COLLATE=utf8_unicode_ci;

--
-- Data for table `craft_amforms_settings`
--

INSERT INTO `craft_amforms_settings` (`id`, `enabled`, `type`, `name`, `handle`, `value`, `dateCreated`, `dateUpdated`, `uid`) VALUES
 ('1', '0', 'general', 'Plugin name', 'pluginName', '', '2016-02-14 19:41:40', '2016-03-27 02:39:11', '3e70c202-0cd6-40e1-977e-f96407ac6c88'),
 ('2', '0', 'general', 'Quiet errors', 'quietErrors', '', '2016-02-14 19:41:40', '2016-03-27 02:39:11', '7cabcfd2-ad6c-4028-8544-78db813aa1de'),
 ('3', '0', 'general', 'Fields per set', 'fieldsPerSet', '8', '2016-02-14 19:41:40', '2016-03-27 02:39:11', 'd58947f7-4924-4aa6-8788-3642f3261344'),
 ('4', '0', 'general', 'Use Mandrill for email', 'useMandrillForEmail', '', '2016-02-14 19:41:41', '2016-03-27 02:39:11', '96007da8-c085-4f8e-8c08-8e78124d65b7'),
 ('5', '0', 'general', 'Bcc email address', 'bccEmailAddress', 'mjfeeney3@gmail.com', '2016-02-14 19:41:41', '2016-03-27 02:39:11', 'd00f9286-43ab-4284-b074-7785f7761f46'),
 ('6', '0', 'export', 'Delimiter', 'delimiter', ';', '2016-02-14 19:41:41', '2016-02-14 19:41:41', 'c2d5f0e5-b72a-46ee-9df6-50ed22cf6a22'),
 ('7', '0', 'export', 'Export rows per set', 'exportRowsPerSet', '50', '2016-02-14 19:41:41', '2016-02-14 19:41:41', 'ce0cf01a-5474-4d54-8ce1-dde4b02c3aed'),
 ('8', '0', 'export', 'Ignore Matrix field and block names', 'ignoreMatrixFieldAndBlockNames', '0', '2016-02-14 19:41:41', '2016-02-14 19:41:41', '7b1a60c3-e622-4ef8-9c1e-a02e880885ce'),
 ('9', '0', 'antispam', 'Honeypot enabled', 'honeypotEnabled', '1', '2016-02-14 19:41:41', '2016-02-14 19:41:41', 'd9d0aa00-ba71-4c95-a4d7-763ea315037c'),
 ('10', '0', 'antispam', 'Honeypot name', 'honeypotName', 'yourssince1615', '2016-02-14 19:41:41', '2016-02-14 19:41:41', '42972940-e061-4157-b636-dd4fba48c2e8'),
 ('11', '0', 'antispam', 'Time check enabled', 'timeCheckEnabled', '1', '2016-02-14 19:41:41', '2016-02-14 19:41:41', 'bfb793d3-95a1-49a1-baa8-6d066684aac7'),
 ('12', '0', 'antispam', 'Minimum time in seconds', 'minimumTimeInSeconds', '3', '2016-02-14 19:41:41', '2016-02-14 19:41:41', '0127fc1e-45e3-4cd1-b33f-922656d758e3'),
 ('13', '0', 'antispam', 'Duplicate check enabled', 'duplicateCheckEnabled', '1', '2016-02-14 19:41:41', '2016-02-14 19:41:41', '4754c34f-a384-44d1-905a-7d9a5097ee4b'),
 ('14', '0', 'antispam', 'Origin check enabled', 'originCheckEnabled', '1', '2016-02-14 19:41:41', '2016-02-14 19:41:41', '698a9990-18d7-4db1-ba75-88f64bca5d1d'),
 ('15', '0', 'recaptcha', 'Google reCAPTCHA enabled', 'googleRecaptchaEnabled', '0', '2016-02-14 19:41:41', '2016-02-14 19:41:41', '8cd23532-cae1-4dbc-82d6-4be63c6d3563'),
 ('16', '0', 'recaptcha', 'Site key', 'siteKey', '', '2016-02-14 19:41:41', '2016-02-14 19:41:41', 'a9f5c760-46cc-4ab2-b540-b0431ffbc300'),
 ('17', '0', 'recaptcha', 'Secret key', 'secretKey', '', '2016-02-14 19:41:41', '2016-02-14 19:41:41', '52929e5d-7260-4479-9f2b-5ffe4a9d6d83'),
 ('18', '0', 'templates', 'Form template', 'formTemplate', '', '2016-02-14 19:41:41', '2016-02-14 19:41:41', '9a882868-dc92-4817-b080-f47d871ff4b1'),
 ('19', '0', 'templates', 'Tab template', 'tabTemplate', '', '2016-02-14 19:41:41', '2016-02-14 19:41:41', 'ad2ae9ea-57f5-4b13-9d96-7ed38b29c311'),
 ('20', '0', 'templates', 'Field template', 'fieldTemplate', '', '2016-02-14 19:41:41', '2016-02-14 19:41:41', '0e283340-ed69-40c3-990d-0143caf9fde6'),
 ('21', '0', 'templates', 'Notification template', 'notificationTemplate', '', '2016-02-14 19:41:41', '2016-02-14 19:41:41', 'f37d899c-b16e-4750-822a-f382f8559574');



DROP TABLE IF EXISTS `craft_amforms_submissions`;


--
-- Schema for table `craft_amforms_submissions`
--
CREATE TABLE `craft_amforms_submissions` (
  `id` int(11) NOT NULL,
  `formId` int(11) NOT NULL,
  `ipAddress` varchar(255) COLLATE utf8_unicode_ci DEFAULT NULL,
  `userAgent` text COLLATE utf8_unicode_ci,
  `submittedFrom` varchar(255) COLLATE utf8_unicode_ci DEFAULT NULL,
  `dateCreated` datetime NOT NULL,
  `dateUpdated` datetime NOT NULL,
  `uid` char(36) COLLATE utf8_unicode_ci NOT NULL DEFAULT '0',
  PRIMARY KEY (`id`),
  KEY `craft_amforms_submissions_formId_fk` (`formId`)
) ENGINE=InnoDB DEFAULT CHARSET=utf8 COLLATE=utf8_unicode_ci;

--
-- Data for table `craft_amforms_submissions`
--

INSERT INTO `craft_amforms_submissions` (`id`, `formId`, `ipAddress`, `userAgent`, `submittedFrom`, `dateCreated`, `dateUpdated`, `uid`) VALUES
 ('68', '22', '::1', 'Mozilla/5.0 (Macintosh; Intel Mac OS X 10_11_4) AppleWebKit/537.36 (KHTML, like Gecko) Chrome/49.0.2623.108 Safari/537.36', 'http://mikelfruitsrofhf.dev/', '2016-04-03 19:21:22', '2016-04-03 19:21:22', '8478f70b-35a6-4e7a-a179-38d154bed2dd'),
 ('70', '59', '::1', 'Mozilla/5.0 (Macintosh; Intel Mac OS X 10_11_4) AppleWebKit/537.36 (KHTML, like Gecko) Chrome/49.0.2623.108 Safari/537.36', 'http://mikelfruitsrofhf.dev/get-help', '2016-04-03 19:27:32', '2016-04-03 19:27:32', 'afb081a6-95f5-4ced-a0c7-1c886cb1d188');



DROP TABLE IF EXISTS `craft_assetfiles`;


--
-- Schema for table `craft_assetfiles`
--
CREATE TABLE `craft_assetfiles` (
  `id` int(11) NOT NULL,
  `sourceId` int(11) DEFAULT NULL,
  `folderId` int(11) NOT NULL,
  `filename` varchar(255) COLLATE utf8_unicode_ci NOT NULL,
  `kind` varchar(50) COLLATE utf8_unicode_ci NOT NULL DEFAULT 'unknown',
  `width` int(11) unsigned DEFAULT NULL,
  `height` int(11) unsigned DEFAULT NULL,
  `size` bigint(20) unsigned DEFAULT NULL,
  `dateModified` datetime DEFAULT NULL,
  `dateCreated` datetime NOT NULL,
  `dateUpdated` datetime NOT NULL,
  `uid` char(36) COLLATE utf8_unicode_ci NOT NULL DEFAULT '0',
  PRIMARY KEY (`id`),
  UNIQUE KEY `craft_assetfiles_filename_folderId_unq_idx` (`filename`,`folderId`),
  KEY `craft_assetfiles_sourceId_fk` (`sourceId`),
  KEY `craft_assetfiles_folderId_fk` (`folderId`)
) ENGINE=InnoDB DEFAULT CHARSET=utf8 COLLATE=utf8_unicode_ci;

--
-- Data for table `craft_assetfiles`
--

INSERT INTO `craft_assetfiles` (`id`, `sourceId`, `folderId`, `filename`, `kind`, `width`, `height`, `size`, `dateModified`, `dateCreated`, `dateUpdated`, `uid`) VALUES
 ('12', '1', '1', 'MF_Polo.png', 'image', '400', '400', '100816', '2016-02-12 18:33:05', '2016-02-12 18:33:10', '2016-04-03 22:36:51', '34a6a876-ab46-4ed9-b5c7-5f62ea148670'),
 ('14', '1', '1', 'event1.jpg', 'image', '1100', '733', '362547', '2016-02-12 18:33:38', '2016-02-12 18:33:40', '2016-04-03 22:36:51', '248e9081-3c7a-4728-aa9e-951097594093'),
 ('16', '1', '1', 'woman_ocean.jpg', 'image', '650', '500', '43318', '2016-02-12 22:35:18', '2016-02-12 22:35:20', '2016-04-03 22:36:52', '8ad8e5d1-7427-48e2-a62c-fa1895c8f70b'),
 ('18', '1', '1', 'MF_Hat.png', 'image', '400', '400', '88029', '2016-02-12 23:32:54', '2016-02-12 23:32:56', '2016-04-03 22:36:50', '69f102db-c645-464a-9d3b-07155cf03d03'),
 ('21', '1', '1', 'Facebook_Icon.png', 'image', '100', '100', '40221', '2016-02-13 01:53:02', '2016-02-13 01:53:05', '2016-04-03 22:36:49', '08d8c356-4bcf-4dc9-856a-c161f3be0831'),
 ('28', '1', '1', 'Facebok.png', 'image', '230', '254', '4626', '2016-02-23 22:58:40', '2016-02-23 22:58:40', '2016-04-03 22:36:49', 'f9baa30e-9c88-4ee5-b7de-bec04dbf8036'),
 ('29', '1', '1', 'Instagram.png', 'image', '230', '254', '6183', '2016-02-23 22:58:40', '2016-02-23 22:58:40', '2016-04-03 22:36:49', 'd3affcef-ebf5-4e0a-9b6c-149871ac3606'),
 ('30', '1', '1', 'MF_Icon.png', 'image', '230', '254', '17418', '2016-02-23 22:58:40', '2016-02-23 22:58:41', '2016-04-03 22:36:50', '74f9c7aa-458a-491b-961f-fc51ae4a0f3b'),
 ('31', '1', '1', 'Twitter.png', 'image', '230', '254', '6538', '2016-02-23 22:58:41', '2016-02-23 22:58:41', '2016-04-03 22:36:51', '68995369-a6e6-4049-b18e-41d72bb46550'),
 ('32', '1', '1', 'main_background.jpg', 'image', '1124', '660', '118353', '2016-02-23 23:01:53', '2016-02-23 23:01:53', '2016-04-03 22:36:52', '20b47051-1337-4930-8408-26f5ad833006'),
 ('33', '1', '1', 'Golf.png', 'image', '1212', '733', '1391115', '2016-03-03 01:30:12', '2016-02-27 20:58:18', '2016-04-03 22:36:49', 'faf3a3fc-ffca-42fa-a3af-915664e7e3d4'),
 ('40', '1', '1', '1200x768_A.jpg', 'image', '1200', '768', '182674', '2016-03-25 02:59:01', '2016-03-25 02:59:01', '2016-04-03 22:36:46', '84cc1f90-42b2-436f-8d49-a47baf8847e9'),
 ('41', '1', '1', '1200x768_B.jpg', 'image', '1200', '768', '138383', '2016-03-25 02:59:04', '2016-03-25 02:59:04', '2016-04-03 22:36:47', '98066bc5-6148-41cc-96aa-51325a043a20'),
 ('42', '1', '1', '1200x768_C.jpg', 'image', '1200', '768', '131537', '2016-03-25 02:59:05', '2016-03-25 02:59:05', '2016-04-03 22:36:47', '582fe833-8c14-45c2-a670-be1f70e2d5c3'),
 ('43', '1', '1', '1200x768_D.jpg', 'image', '1200', '768', '116328', '2016-03-25 02:59:05', '2016-03-25 02:59:05', '2016-04-03 22:36:47', '2e039864-a0de-4203-ac92-a0f9ce1559a3'),
 ('44', '1', '1', '1200x768_E.jpg', 'image', '1200', '768', '155779', '2016-03-25 02:59:06', '2016-03-25 02:59:06', '2016-04-03 22:36:47', 'ca132ec1-c74e-44d3-a6cf-75120235d4de'),
 ('45', '1', '1', '1200x768_F.jpg', 'image', '1200', '768', '159882', '2016-03-25 02:59:06', '2016-03-25 02:59:06', '2016-04-03 22:36:48', 'f17cbce7-e74f-4c80-8fab-bb6a6b858a41'),
 ('46', '1', '1', '1200x768_H.jpg', 'image', '1200', '768', '129924', '2016-03-25 02:59:06', '2016-03-25 02:59:06', '2016-04-03 22:36:48', 'dbd7c503-e73b-4436-a03e-0ce93984e0a2'),
 ('71', '1', '1', 'Background.png', 'image', '1124', '660', '701978', '2015-11-29 04:28:33', '2016-04-03 22:36:48', '2016-04-03 22:36:48', '22cd1b07-86e4-41a0-a2f3-4f72231452ed'),
 ('72', '1', '1', 'LinkedIn_Icon.png', 'image', '100', '100', '40221', '2015-09-29 01:53:55', '2016-04-03 22:36:50', '2016-04-03 22:36:50', '39126c9e-d8b5-4fea-bb42-228a5abb0736'),
 ('73', '1', '1', 'MF_Logo.png', 'image', '230', '344', '22213', '2015-11-29 04:28:41', '2016-04-03 22:36:50', '2016-04-03 22:36:50', 'f7bf8cf9-49c5-42ac-9e61-e732969d0ec7'),
 ('74', '1', '1', 'Twitter_Icon.png', 'image', '100', '100', '40221', '2015-09-29 01:53:56', '2016-04-03 22:36:51', '2016-04-03 22:36:51', '8b11ff06-8c09-4d7e-83a2-26f66ddaa138'),
 ('75', '1', '1', 'heart_hands.png', 'image', '350', '270', '82422', '2016-01-28 22:21:50', '2016-04-03 22:36:51', '2016-04-03 22:36:52', '343e2554-d262-424e-a5b4-9e61bec2a1e6'),
 ('76', '1', '1', 'mf_mainBackground.png', 'image', '1124', '660', '701978', '2016-01-28 22:21:38', '2016-04-03 22:36:52', '2016-04-03 22:36:52', '949bec86-aad9-4592-81d6-e4a82d5ec6d1');



DROP TABLE IF EXISTS `craft_assetfolders`;


--
-- Schema for table `craft_assetfolders`
--
CREATE TABLE `craft_assetfolders` (
  `id` int(11) NOT NULL AUTO_INCREMENT,
  `parentId` int(11) DEFAULT NULL,
  `sourceId` int(11) DEFAULT NULL,
  `name` varchar(255) COLLATE utf8_unicode_ci NOT NULL,
  `path` varchar(255) COLLATE utf8_unicode_ci DEFAULT NULL,
  `dateCreated` datetime NOT NULL,
  `dateUpdated` datetime NOT NULL,
  `uid` char(36) COLLATE utf8_unicode_ci NOT NULL DEFAULT '0',
  PRIMARY KEY (`id`),
  UNIQUE KEY `craft_assetfolders_name_parentId_sourceId_unq_idx` (`name`,`parentId`,`sourceId`),
  KEY `craft_assetfolders_parentId_fk` (`parentId`),
  KEY `craft_assetfolders_sourceId_fk` (`sourceId`)
) ENGINE=InnoDB AUTO_INCREMENT=4 DEFAULT CHARSET=utf8 COLLATE=utf8_unicode_ci;

--
-- Data for table `craft_assetfolders`
--

INSERT INTO `craft_assetfolders` (`id`, `parentId`, `sourceId`, `name`, `path`, `dateCreated`, `dateUpdated`, `uid`) VALUES
 ('1', NULL, '1', 'Images', '', '2016-02-12 18:32:16', '2016-02-12 18:32:16', '66482063-ded3-4e0f-bdc2-88bd2d10bd34'),
 ('2', '1', '1', 'assets', 'assets/', '2016-02-12 18:32:27', '2016-02-12 18:32:27', 'c0eaaec3-75d2-4647-91de-8c1db1cceeda'),
 ('3', '2', '1', 'img', 'assets/img/', '2016-02-12 18:32:27', '2016-02-12 18:32:27', '5f4df57c-aca4-4411-a743-42a8aa655550');



DROP TABLE IF EXISTS `craft_assetindexdata`;


--
-- Schema for table `craft_assetindexdata`
--
CREATE TABLE `craft_assetindexdata` (
  `id` int(11) NOT NULL AUTO_INCREMENT,
  `sessionId` varchar(36) COLLATE utf8_unicode_ci NOT NULL DEFAULT '',
  `sourceId` int(10) NOT NULL,
  `offset` int(10) NOT NULL,
  `uri` varchar(255) COLLATE utf8_unicode_ci DEFAULT NULL,
  `size` bigint(20) unsigned DEFAULT NULL,
  `recordId` int(10) DEFAULT NULL,
  `dateCreated` datetime NOT NULL,
  `dateUpdated` datetime NOT NULL,
  `uid` char(36) COLLATE utf8_unicode_ci NOT NULL DEFAULT '0',
  PRIMARY KEY (`id`),
  UNIQUE KEY `craft_assetindexdata_sessionId_sourceId_offset_unq_idx` (`sessionId`,`sourceId`,`offset`),
  KEY `craft_assetindexdata_sourceId_fk` (`sourceId`)
) ENGINE=InnoDB AUTO_INCREMENT=25 DEFAULT CHARSET=utf8 COLLATE=utf8_unicode_ci;

DROP TABLE IF EXISTS `craft_assetsources`;


--
-- Schema for table `craft_assetsources`
--
CREATE TABLE `craft_assetsources` (
  `id` int(11) NOT NULL AUTO_INCREMENT,
  `name` varchar(255) COLLATE utf8_unicode_ci NOT NULL,
  `handle` varchar(255) COLLATE utf8_unicode_ci NOT NULL,
  `type` varchar(150) COLLATE utf8_unicode_ci NOT NULL,
  `settings` text COLLATE utf8_unicode_ci,
  `sortOrder` smallint(6) unsigned DEFAULT NULL,
  `fieldLayoutId` int(10) DEFAULT NULL,
  `dateCreated` datetime NOT NULL,
  `dateUpdated` datetime NOT NULL,
  `uid` char(36) COLLATE utf8_unicode_ci NOT NULL DEFAULT '0',
  PRIMARY KEY (`id`),
  UNIQUE KEY `craft_assetsources_name_unq_idx` (`name`),
  UNIQUE KEY `craft_assetsources_handle_unq_idx` (`handle`),
  KEY `craft_assetsources_fieldLayoutId_fk` (`fieldLayoutId`)
) ENGINE=InnoDB AUTO_INCREMENT=2 DEFAULT CHARSET=utf8 COLLATE=utf8_unicode_ci;

--
-- Data for table `craft_assetsources`
--

INSERT INTO `craft_assetsources` (`id`, `name`, `handle`, `type`, `settings`, `sortOrder`, `fieldLayoutId`, `dateCreated`, `dateUpdated`, `uid`) VALUES
 ('1', 'Images', 'images', 'Local', '{\"path\":\"assets\\/img\\/\",\"url\":\"http:\\/\\/mikelfruitsrofhf.dev\\/assets\\/img\\/\",\"publicURLs\":true}', '1', '21', '2016-02-12 18:32:16', '2016-04-03 22:36:17', 'cd191e7f-f232-417f-a674-8fbc24dc3a0e');



DROP TABLE IF EXISTS `craft_assettransformindex`;


--
-- Schema for table `craft_assettransformindex`
--
CREATE TABLE `craft_assettransformindex` (
  `id` int(11) NOT NULL AUTO_INCREMENT,
  `fileId` int(11) NOT NULL,
  `filename` varchar(255) COLLATE utf8_unicode_ci DEFAULT NULL,
  `format` varchar(255) COLLATE utf8_unicode_ci DEFAULT NULL,
  `location` varchar(255) COLLATE utf8_unicode_ci NOT NULL,
  `sourceId` int(11) DEFAULT NULL,
  `fileExists` tinyint(1) DEFAULT NULL,
  `inProgress` tinyint(1) DEFAULT NULL,
  `dateIndexed` datetime DEFAULT NULL,
  `dateCreated` datetime NOT NULL,
  `dateUpdated` datetime NOT NULL,
  `uid` char(36) COLLATE utf8_unicode_ci NOT NULL DEFAULT '0',
  PRIMARY KEY (`id`),
  KEY `craft_assettransformindex_sourceId_fileId_location_idx` (`sourceId`,`fileId`,`location`)
) ENGINE=InnoDB DEFAULT CHARSET=utf8 COLLATE=utf8_unicode_ci;

DROP TABLE IF EXISTS `craft_assettransforms`;


--
-- Schema for table `craft_assettransforms`
--
CREATE TABLE `craft_assettransforms` (
  `id` int(11) NOT NULL AUTO_INCREMENT,
  `name` varchar(255) COLLATE utf8_unicode_ci NOT NULL,
  `handle` varchar(255) COLLATE utf8_unicode_ci NOT NULL,
  `mode` enum('stretch','fit','crop') COLLATE utf8_unicode_ci NOT NULL DEFAULT 'crop',
  `position` enum('top-left','top-center','top-right','center-left','center-center','center-right','bottom-left','bottom-center','bottom-right') COLLATE utf8_unicode_ci NOT NULL DEFAULT 'center-center',
  `height` int(10) DEFAULT NULL,
  `width` int(10) DEFAULT NULL,
  `format` varchar(255) COLLATE utf8_unicode_ci DEFAULT NULL,
  `quality` int(10) DEFAULT NULL,
  `dimensionChangeTime` datetime DEFAULT NULL,
  `dateCreated` datetime NOT NULL,
  `dateUpdated` datetime NOT NULL,
  `uid` char(36) COLLATE utf8_unicode_ci NOT NULL DEFAULT '0',
  PRIMARY KEY (`id`),
  UNIQUE KEY `craft_assettransforms_name_unq_idx` (`name`),
  UNIQUE KEY `craft_assettransforms_handle_unq_idx` (`handle`)
) ENGINE=InnoDB DEFAULT CHARSET=utf8 COLLATE=utf8_unicode_ci;

DROP TABLE IF EXISTS `craft_categories`;


--
-- Schema for table `craft_categories`
--
CREATE TABLE `craft_categories` (
  `id` int(11) NOT NULL,
  `groupId` int(11) NOT NULL,
  `dateCreated` datetime NOT NULL,
  `dateUpdated` datetime NOT NULL,
  `uid` char(36) COLLATE utf8_unicode_ci NOT NULL DEFAULT '0',
  PRIMARY KEY (`id`),
  KEY `craft_categories_groupId_fk` (`groupId`)
) ENGINE=InnoDB DEFAULT CHARSET=utf8 COLLATE=utf8_unicode_ci;

DROP TABLE IF EXISTS `craft_categorygroups`;


--
-- Schema for table `craft_categorygroups`
--
CREATE TABLE `craft_categorygroups` (
  `id` int(11) NOT NULL AUTO_INCREMENT,
  `structureId` int(11) NOT NULL,
  `fieldLayoutId` int(11) DEFAULT NULL,
  `name` varchar(255) COLLATE utf8_unicode_ci NOT NULL,
  `handle` varchar(255) COLLATE utf8_unicode_ci NOT NULL,
  `hasUrls` tinyint(1) unsigned NOT NULL DEFAULT '1',
  `template` varchar(500) COLLATE utf8_unicode_ci DEFAULT NULL,
  `dateCreated` datetime NOT NULL,
  `dateUpdated` datetime NOT NULL,
  `uid` char(36) COLLATE utf8_unicode_ci NOT NULL DEFAULT '0',
  PRIMARY KEY (`id`),
  UNIQUE KEY `craft_categorygroups_name_unq_idx` (`name`),
  UNIQUE KEY `craft_categorygroups_handle_unq_idx` (`handle`),
  KEY `craft_categorygroups_structureId_fk` (`structureId`),
  KEY `craft_categorygroups_fieldLayoutId_fk` (`fieldLayoutId`)
) ENGINE=InnoDB DEFAULT CHARSET=utf8 COLLATE=utf8_unicode_ci;

DROP TABLE IF EXISTS `craft_categorygroups_i18n`;


--
-- Schema for table `craft_categorygroups_i18n`
--
CREATE TABLE `craft_categorygroups_i18n` (
  `id` int(11) NOT NULL AUTO_INCREMENT,
  `groupId` int(11) NOT NULL,
  `locale` char(12) COLLATE utf8_unicode_ci NOT NULL,
  `urlFormat` text COLLATE utf8_unicode_ci,
  `nestedUrlFormat` text COLLATE utf8_unicode_ci,
  `dateCreated` datetime NOT NULL,
  `dateUpdated` datetime NOT NULL,
  `uid` char(36) COLLATE utf8_unicode_ci NOT NULL DEFAULT '0',
  PRIMARY KEY (`id`),
  UNIQUE KEY `craft_categorygroups_i18n_groupId_locale_unq_idx` (`groupId`,`locale`),
  KEY `craft_categorygroups_i18n_locale_fk` (`locale`)
) ENGINE=InnoDB DEFAULT CHARSET=utf8 COLLATE=utf8_unicode_ci;

DROP TABLE IF EXISTS `craft_content`;


--
-- Schema for table `craft_content`
--
CREATE TABLE `craft_content` (
  `id` int(11) NOT NULL AUTO_INCREMENT,
  `elementId` int(11) NOT NULL,
  `locale` char(12) COLLATE utf8_unicode_ci NOT NULL,
  `title` varchar(255) COLLATE utf8_unicode_ci DEFAULT NULL,
  `field_body` text COLLATE utf8_unicode_ci,
  `field_eventDate` datetime DEFAULT NULL,
  `field_registrationTime` text COLLATE utf8_unicode_ci,
  `field_eventLocation` text COLLATE utf8_unicode_ci,
  `field_whoWeAre` text COLLATE utf8_unicode_ci,
  `field_price` text COLLATE utf8_unicode_ci,
  `field_details` text COLLATE utf8_unicode_ci,
  `field_moreInfo` text COLLATE utf8_unicode_ci,
  `field_phoneNumber` text COLLATE utf8_unicode_ci,
  `field_contactParagraph` text COLLATE utf8_unicode_ci,
  `field_poBox` text COLLATE utf8_unicode_ci,
  `field_cityZip` text COLLATE utf8_unicode_ci,
  `field_address` text COLLATE utf8_unicode_ci,
  `field_socialUrl` text COLLATE utf8_unicode_ci,
  `field_modalName` text COLLATE utf8_unicode_ci,
  `field_eventsInfo` text COLLATE utf8_unicode_ci,
  `field_heading` text COLLATE utf8_unicode_ci,
  `field_secondLine` text COLLATE utf8_unicode_ci,
  `field_step1` text COLLATE utf8_unicode_ci,
  `field_step2` text COLLATE utf8_unicode_ci,
  `field_step3` text COLLATE utf8_unicode_ci,
  `field_step4` text COLLATE utf8_unicode_ci,
  `field_moreHelpInfo` text COLLATE utf8_unicode_ci,
  `field_asideSectionTop` text COLLATE utf8_unicode_ci,
  `field_asideSectionBottom` text COLLATE utf8_unicode_ci,
  `field_crisisHotlinePhoneNumber` text COLLATE utf8_unicode_ci,
  `field_rofhfPhoneNumber` text COLLATE utf8_unicode_ci,
  `field_thankYouParagraph` text COLLATE utf8_unicode_ci,
  `dateCreated` datetime NOT NULL,
  `dateUpdated` datetime NOT NULL,
  `uid` char(36) COLLATE utf8_unicode_ci NOT NULL DEFAULT '0',
  PRIMARY KEY (`id`),
  UNIQUE KEY `craft_content_elementId_locale_unq_idx` (`elementId`,`locale`),
  KEY `craft_content_title_idx` (`title`),
  KEY `craft_content_locale_fk` (`locale`)
) ENGINE=InnoDB AUTO_INCREMENT=44 DEFAULT CHARSET=utf8 COLLATE=utf8_unicode_ci;

--
-- Data for table `craft_content`
--

INSERT INTO `craft_content` (`id`, `elementId`, `locale`, `title`, `field_body`, `field_eventDate`, `field_registrationTime`, `field_eventLocation`, `field_whoWeAre`, `field_price`, `field_details`, `field_moreInfo`, `field_phoneNumber`, `field_contactParagraph`, `field_poBox`, `field_cityZip`, `field_address`, `field_socialUrl`, `field_modalName`, `field_eventsInfo`, `field_heading`, `field_secondLine`, `field_step1`, `field_step2`, `field_step3`, `field_step4`, `field_moreHelpInfo`, `field_asideSectionTop`, `field_asideSectionBottom`, `field_crisisHotlinePhoneNumber`, `field_rofhfPhoneNumber`, `field_thankYouParagraph`, `dateCreated`, `dateUpdated`, `uid`) VALUES
 ('1', '1', 'en_us', NULL, NULL, NULL, NULL, NULL, NULL, NULL, NULL, NULL, NULL, NULL, NULL, NULL, NULL, NULL, NULL, NULL, NULL, NULL, NULL, NULL, NULL, NULL, NULL, NULL, NULL, NULL, NULL, NULL, '2016-01-28 15:30:40', '2016-01-28 15:30:40', '7567ecdb-1a25-4eb6-8583-a20467f995aa'),
 ('2', '2', 'en_us', 'Homepage', '<p>It’s true, this site doesn’t have a whole lot of content yet, but don’t worry. Our web developers have just installed the CMS, and they’re setting things up for the content editors this very moment. Soon Mikelfruitsrofhf.dev will be an oasis of fresh perspectives, sharp analyses, and astute opinions that will keep you coming back again and again.</p>', NULL, NULL, NULL, '<p>Lorem ipsum dolor sit amet, consectetur adipiscing elit. Donec a diam lectus. Sed sit amet ipsum mauris. Maecenas congue ligula ac quam viverra nec consectetur ante hendrerit. Donec et mollis dolor. Praesent et diam eget libero egestas mattis sit amet vitae augue. Nam tincidunt congue enim, ut porta lorem lacinia consectetur.</p>\r\n\r\n<p>Donec sed odio eros. Donec viverra mi quis quam pulvinar at malesuada arcu rhoncus. Cum sociis natoque penatibus et magnis dis parturient montes, nascetur ridiculus mus. In rutrum accumsan ultricies. Mauris vitae nisi at sem facilisis semper ac in est. Donec ut libero sed arcu vehicula ultricies a non tortor. Lorem ipsum dolor sit amet, consectetur adipiscing elit. Aenean ut gravida lorem. Ut turpis felis, pulvinar a semper sed, adipiscing id dolor. Pellentesque auctor nisi id magna consequat sagittis.</p>', NULL, NULL, '<p>Ane&nbsp;ipsum dolor sit amet, consectetur adipiscing elit. Donec a diam lectus. Sed sit amet ipsum mauris. Maecenas congue ligula ac quam viverra nec consectetur ante hendrerit. Donec et mollis dolor.</p>', '317-946-2579', '<p>Lorem ipsum dolor sit amet, consectetur adipiscing elit. Donec a diam lectus. Sed sit amet ipsum mauris. Donec a diam lectus. Sed sit amet ipsum mauris.&nbsp;</p>\r\n\r\n<p>Lorem ipsum dolor sit amet, consectetur adipiscing elit. Donec a diam lectus. Sed sit amet ipsum mauris. Donec a diam lectus. Sed sit amet ipsum mauris.&nbsp;Donec a diam lectus. Sed sit amet ipsum mauris.</p>\r\n\r\n\r\n\r\n\r\n\r\n\r\n\r\n\r\n\r\n\r\n\r\n\r\n\r\n\r\n\r\n\r\n\r\n\r\n\r\n\r\n\r\n\r\n\r\n\r\n\r\n\r\n\r\n\r\n\r\n<p>Don\'t be ashamed to Reach Out For Help</p>', 'PO Box 148', 'Indianapolis, IN  46203', '<p>PO Box 148<del></del></p>\n\n<p><del></del>Indianapolis, IN 46203</p>', NULL, NULL, NULL, NULL, NULL, NULL, NULL, NULL, NULL, NULL, NULL, NULL, NULL, NULL, NULL, '2016-01-28 15:30:42', '2016-03-28 02:51:34', '22906f73-69ec-4ff7-a853-d7404885d397'),
 ('6', '6', 'en_us', 'Baseball Cap', NULL, NULL, NULL, NULL, NULL, '$20', '<p>Lorem ipsum dolor sit amet, consectetur adipiscing elit. Maecenas congue ligula ac quam viverra nec consectetur ante hendrerit.</p>', NULL, NULL, NULL, NULL, NULL, NULL, NULL, 'baseballCap', NULL, NULL, NULL, NULL, NULL, NULL, NULL, NULL, NULL, NULL, NULL, NULL, NULL, '2016-02-07 00:18:57', '2016-02-14 22:32:51', '92dcbb0c-e3b3-4758-9b06-7f39309c803a'),
 ('7', '7', 'en_us', 'Dri-Fit Polo', NULL, NULL, NULL, NULL, NULL, '$30', '<p>Lorem ipsum dolor sit amet, consectetur adipiscing elit. Donec a diam lectus. Sed sit amet ipsum mauris. Maecenas congue ligula ac quam viverra nec consectetur ante hendrerit. <strong>Great for Golf!</strong></p>', NULL, NULL, NULL, NULL, NULL, NULL, NULL, 'polo', NULL, NULL, NULL, NULL, NULL, NULL, NULL, NULL, NULL, NULL, NULL, NULL, NULL, '2016-02-07 00:19:07', '2016-02-14 22:25:21', '36f944db-ae4b-4372-b2c8-5e8aa8d48bde'),
 ('8', '8', 'en_us', '#MFROFHF Wristbands', NULL, NULL, NULL, NULL, NULL, '$5', '<p>Lorem ipsum dolor sit amet, consectetur adipiscing elit. Donec a diam lectus. Sed sit amet ipsum mauris.</p>', NULL, NULL, NULL, NULL, NULL, NULL, NULL, 'wristbands', NULL, NULL, NULL, NULL, NULL, NULL, NULL, NULL, NULL, NULL, NULL, NULL, NULL, '2016-02-07 00:19:28', '2016-02-14 22:33:01', 'f9e2cfae-3cc9-4a2e-be32-484e81c83656'),
 ('9', '9', 'en_us', '5th Annual Charity Bowling Event', NULL, '2016-01-30 00:00:00', '12:30 pm', 'Southern Bowl', NULL, NULL, NULL, NULL, NULL, NULL, NULL, NULL, NULL, NULL, 'bowling', 'Donec ut libero sed arcu vehicula ultricies a non tortor. Lorem ipsum dolor sit amet, consectetur adipiscing elit. Aenean ut gravida lorem. Ut turpis felis, pulvinar a semper sed, adipiscing id dolor. Pellentesque auctor nisi id magna consequat sagittis.', NULL, NULL, NULL, NULL, NULL, NULL, NULL, NULL, NULL, NULL, NULL, NULL, '2016-02-12 18:18:30', '2016-03-25 04:15:33', '71ba1a78-19ca-47d4-a976-97eb2a8fd106'),
 ('10', '10', 'en_us', '3rd Annual Charity Golf Outing', NULL, '2016-07-26 00:00:00', '12:30 pm', 'Southern Dunes', NULL, NULL, NULL, NULL, NULL, NULL, NULL, NULL, NULL, NULL, 'golf', 'Vehicula ultricies a non tortor. Lorem ipsum dolor sit amet, consectetur adipiscing elit. Aenean ut gravida lorem. Ut turpis felis, pulvinar a semper sed, adipiscing id dolor. Pellentesque auctor nisi id magna consequat sagittis.', NULL, NULL, NULL, NULL, NULL, NULL, NULL, NULL, NULL, NULL, NULL, NULL, '2016-02-12 18:19:33', '2016-04-03 20:04:46', 'd66a550c-9032-4d80-9822-e72a14217940'),
 ('12', '12', 'en_us', 'Mf  Polo', NULL, NULL, NULL, NULL, NULL, NULL, NULL, NULL, NULL, NULL, NULL, NULL, NULL, NULL, NULL, NULL, NULL, NULL, NULL, NULL, NULL, NULL, NULL, NULL, NULL, NULL, NULL, NULL, '2016-02-12 18:33:10', '2016-04-03 22:36:51', '041a7c04-4872-44df-a1ca-bb47299a75d0'),
 ('14', '14', 'en_us', 'Event1', NULL, NULL, NULL, NULL, NULL, NULL, NULL, NULL, NULL, NULL, NULL, NULL, NULL, NULL, NULL, NULL, NULL, NULL, NULL, NULL, NULL, NULL, NULL, NULL, NULL, NULL, NULL, NULL, '2016-02-12 18:33:40', '2016-04-03 22:36:51', 'f7f1606c-1891-490a-8c74-f179065fc930'),
 ('16', '16', 'en_us', 'Woman Ocean', NULL, NULL, NULL, NULL, NULL, NULL, NULL, NULL, NULL, NULL, NULL, NULL, NULL, NULL, NULL, NULL, NULL, NULL, NULL, NULL, NULL, NULL, NULL, NULL, NULL, NULL, NULL, NULL, '2016-02-12 22:35:20', '2016-04-03 22:36:52', 'd3a7f6a5-57b7-4e96-8835-15b4813f78f2'),
 ('18', '18', 'en_us', 'Mf  Hat', NULL, NULL, NULL, NULL, NULL, NULL, NULL, NULL, NULL, NULL, NULL, NULL, NULL, NULL, NULL, NULL, NULL, NULL, NULL, NULL, NULL, NULL, NULL, NULL, NULL, NULL, NULL, NULL, '2016-02-12 23:32:56', '2016-04-03 22:36:50', 'f33d2e84-9588-46c3-98f1-9aa12a826dd2'),
 ('19', '19', 'en_us', NULL, NULL, NULL, NULL, NULL, NULL, NULL, NULL, NULL, NULL, NULL, NULL, NULL, NULL, 'www.facebook.com', NULL, NULL, NULL, NULL, NULL, NULL, NULL, NULL, NULL, NULL, NULL, NULL, NULL, NULL, '2016-02-13 01:51:30', '2016-02-13 01:53:12', '3f10d923-6119-4e46-b856-9acfd2ea311f'),
 ('21', '21', 'en_us', 'Facebook  Icon', NULL, NULL, NULL, NULL, NULL, NULL, NULL, NULL, NULL, NULL, NULL, NULL, NULL, NULL, NULL, NULL, NULL, NULL, NULL, NULL, NULL, NULL, NULL, NULL, NULL, NULL, NULL, NULL, '2016-02-13 01:53:05', '2016-04-03 22:36:49', 'e5647441-20d7-4aa8-a14d-324dda9a4730'),
 ('22', '27', 'en_us', 'Get Help', '<p>single page for \"Get Help\" link...</p>', NULL, NULL, NULL, NULL, NULL, NULL, NULL, NULL, NULL, NULL, NULL, NULL, NULL, NULL, NULL, 'We are here for you.', 'Asking for help is as simple as these 4 steps:', 'Fill out the short application below.', 'Choose a counselor on your own, or we can refer one.', 'Make an appointment.', 'Once application is filled, send in.', 'ipsum dolor sit amet, consectetur adipiscing elit. Donec a diam lectus. Sed sit amet ipsum mauris. Maecenas congue ligula ac quam viverra nec consectetur ante hendrerit. Donec et mollis dolor. Praesent et diam eget libero egestas mattis sit amet vitae augue. Nam tincidunt congue enim, ut porta lorem lacinia consectetur.', 'If you have any questions, you may call us between the hours of 8:00 a.m. and 8:00 p.m. at:', 'In case of emergency, you may call the 24-hr Crisis Hotline at:', '317.251.7575', '317.428.9133', NULL, '2016-02-18 23:25:13', '2016-03-29 21:46:44', '97a60c84-ce37-4bed-a0ac-ec4175a2c630'),
 ('23', '28', 'en_us', 'Facebok', NULL, NULL, NULL, NULL, NULL, NULL, NULL, NULL, NULL, NULL, NULL, NULL, NULL, NULL, NULL, NULL, NULL, NULL, NULL, NULL, NULL, NULL, NULL, NULL, NULL, NULL, NULL, NULL, '2016-02-23 22:58:40', '2016-04-03 22:36:49', '7e010ace-aa4b-482e-b4b6-c9a7204c9831'),
 ('24', '29', 'en_us', 'Instagram', NULL, NULL, NULL, NULL, NULL, NULL, NULL, NULL, NULL, NULL, NULL, NULL, NULL, NULL, NULL, NULL, NULL, NULL, NULL, NULL, NULL, NULL, NULL, NULL, NULL, NULL, NULL, NULL, '2016-02-23 22:58:40', '2016-04-03 22:36:49', '46eb3bec-66a2-4b01-b1c8-f97472206a7b'),
 ('25', '30', 'en_us', 'Mf Icon', NULL, NULL, NULL, NULL, NULL, NULL, NULL, NULL, NULL, NULL, NULL, NULL, NULL, NULL, NULL, NULL, NULL, NULL, NULL, NULL, NULL, NULL, NULL, NULL, NULL, NULL, NULL, NULL, '2016-02-23 22:58:41', '2016-04-03 22:36:50', 'b651b37b-a16c-4c63-ba5a-0c79bbe3d8e4'),
 ('26', '31', 'en_us', 'Twitter', NULL, NULL, NULL, NULL, NULL, NULL, NULL, NULL, NULL, NULL, NULL, NULL, NULL, NULL, NULL, NULL, NULL, NULL, NULL, NULL, NULL, NULL, NULL, NULL, NULL, NULL, NULL, NULL, '2016-02-23 22:58:41', '2016-04-03 22:36:51', '08df7ea6-8579-4949-b635-0d64a11e52d0'),
 ('27', '32', 'en_us', 'Main Background', NULL, NULL, NULL, NULL, NULL, NULL, NULL, NULL, NULL, NULL, NULL, NULL, NULL, NULL, NULL, NULL, NULL, NULL, NULL, NULL, NULL, NULL, NULL, NULL, NULL, NULL, NULL, NULL, '2016-02-23 23:01:53', '2016-04-03 22:36:52', 'a12b539e-7042-4f37-af6e-0a24edb7210f'),
 ('28', '33', 'en_us', 'Golf', NULL, NULL, NULL, NULL, NULL, NULL, NULL, NULL, NULL, NULL, NULL, NULL, NULL, NULL, NULL, NULL, NULL, NULL, NULL, NULL, NULL, NULL, NULL, NULL, NULL, NULL, NULL, NULL, '2016-02-27 20:58:18', '2016-04-03 22:36:49', 'a240538b-0457-4652-a328-b0dc78425b69'),
 ('29', '40', 'en_us', '1200X768 A', NULL, NULL, NULL, NULL, NULL, NULL, NULL, NULL, NULL, NULL, NULL, NULL, NULL, NULL, NULL, NULL, NULL, NULL, NULL, NULL, NULL, NULL, NULL, NULL, NULL, NULL, NULL, NULL, '2016-03-25 02:59:01', '2016-04-03 22:36:46', 'fe91f0b8-6845-4d92-9b37-0d85e90b7c2a'),
 ('30', '41', 'en_us', '1200X768 B', NULL, NULL, NULL, NULL, NULL, NULL, NULL, NULL, NULL, NULL, NULL, NULL, NULL, NULL, NULL, NULL, NULL, NULL, NULL, NULL, NULL, NULL, NULL, NULL, NULL, NULL, NULL, NULL, '2016-03-25 02:59:04', '2016-04-03 22:36:47', '49610f5b-a38f-4cfb-aaa3-5ff8dabbe6df'),
 ('31', '42', 'en_us', '1200X768 C', NULL, NULL, NULL, NULL, NULL, NULL, NULL, NULL, NULL, NULL, NULL, NULL, NULL, NULL, NULL, NULL, NULL, NULL, NULL, NULL, NULL, NULL, NULL, NULL, NULL, NULL, NULL, NULL, '2016-03-25 02:59:05', '2016-04-03 22:36:47', 'b0dcae01-ddfe-4802-b31f-ff341dbb7fdc'),
 ('32', '43', 'en_us', '1200X768 D', NULL, NULL, NULL, NULL, NULL, NULL, NULL, NULL, NULL, NULL, NULL, NULL, NULL, NULL, NULL, NULL, NULL, NULL, NULL, NULL, NULL, NULL, NULL, NULL, NULL, NULL, NULL, NULL, '2016-03-25 02:59:05', '2016-04-03 22:36:47', 'd8146c00-49fd-4ef2-bc6b-3758f466fa7f'),
 ('33', '44', 'en_us', '1200X768 E', NULL, NULL, NULL, NULL, NULL, NULL, NULL, NULL, NULL, NULL, NULL, NULL, NULL, NULL, NULL, NULL, NULL, NULL, NULL, NULL, NULL, NULL, NULL, NULL, NULL, NULL, NULL, NULL, '2016-03-25 02:59:06', '2016-04-03 22:36:47', '3c7f75de-aa56-4f1d-9ce6-44ecf1eb4ac0'),
 ('34', '45', 'en_us', '1200X768 F', NULL, NULL, NULL, NULL, NULL, NULL, NULL, NULL, NULL, NULL, NULL, NULL, NULL, NULL, NULL, NULL, NULL, NULL, NULL, NULL, NULL, NULL, NULL, NULL, NULL, NULL, NULL, NULL, '2016-03-25 02:59:06', '2016-04-03 22:36:48', '86a74676-1958-4c09-98cd-9e4af25fe45c'),
 ('35', '46', 'en_us', '1200X768 H', NULL, NULL, NULL, NULL, NULL, NULL, NULL, NULL, NULL, NULL, NULL, NULL, NULL, NULL, NULL, NULL, NULL, NULL, NULL, NULL, NULL, NULL, NULL, NULL, NULL, NULL, NULL, NULL, '2016-03-25 02:59:06', '2016-04-03 22:36:48', 'a26ec29a-9cb2-46a7-91fb-3f3181796950'),
 ('37', '69', 'en_us', 'Thank You.', NULL, NULL, NULL, NULL, NULL, NULL, NULL, NULL, NULL, NULL, NULL, NULL, NULL, NULL, NULL, NULL, NULL, NULL, NULL, NULL, NULL, NULL, NULL, NULL, NULL, NULL, NULL, 'Thank you for your submission, we will be in touch shorty.....', '2016-04-03 19:23:07', '2016-04-03 19:39:00', 'a03df033-21ff-40f3-a29f-1686a83e1418'),
 ('38', '71', 'en_us', 'Background', NULL, NULL, NULL, NULL, NULL, NULL, NULL, NULL, NULL, NULL, NULL, NULL, NULL, NULL, NULL, NULL, NULL, NULL, NULL, NULL, NULL, NULL, NULL, NULL, NULL, NULL, NULL, NULL, '2016-04-03 22:36:48', '2016-04-03 22:36:48', 'a3dc2bf3-5617-47b1-8416-9816d6fddcf1'),
 ('39', '72', 'en_us', 'Linked In  Icon', NULL, NULL, NULL, NULL, NULL, NULL, NULL, NULL, NULL, NULL, NULL, NULL, NULL, NULL, NULL, NULL, NULL, NULL, NULL, NULL, NULL, NULL, NULL, NULL, NULL, NULL, NULL, NULL, '2016-04-03 22:36:50', '2016-04-03 22:36:50', 'e28c5ef1-4368-475a-97da-c94579db693e'),
 ('40', '73', 'en_us', 'Mf  Logo', NULL, NULL, NULL, NULL, NULL, NULL, NULL, NULL, NULL, NULL, NULL, NULL, NULL, NULL, NULL, NULL, NULL, NULL, NULL, NULL, NULL, NULL, NULL, NULL, NULL, NULL, NULL, NULL, '2016-04-03 22:36:50', '2016-04-03 22:36:50', '67374847-1947-418d-a3a1-bbb9826aaa1c'),
 ('41', '74', 'en_us', 'Twitter  Icon', NULL, NULL, NULL, NULL, NULL, NULL, NULL, NULL, NULL, NULL, NULL, NULL, NULL, NULL, NULL, NULL, NULL, NULL, NULL, NULL, NULL, NULL, NULL, NULL, NULL, NULL, NULL, NULL, '2016-04-03 22:36:51', '2016-04-03 22:36:51', 'edfecd5f-85ee-4d7b-bc6d-3633f9025a4b'),
 ('42', '75', 'en_us', 'Heart Hands', NULL, NULL, NULL, NULL, NULL, NULL, NULL, NULL, NULL, NULL, NULL, NULL, NULL, NULL, NULL, NULL, NULL, NULL, NULL, NULL, NULL, NULL, NULL, NULL, NULL, NULL, NULL, NULL, '2016-04-03 22:36:51', '2016-04-03 22:36:52', 'ec0fb833-34d7-4690-9910-5852917f8956'),
 ('43', '76', 'en_us', 'Mf Main Background', NULL, NULL, NULL, NULL, NULL, NULL, NULL, NULL, NULL, NULL, NULL, NULL, NULL, NULL, NULL, NULL, NULL, NULL, NULL, NULL, NULL, NULL, NULL, NULL, NULL, NULL, NULL, NULL, '2016-04-03 22:36:52', '2016-04-03 22:36:52', 'c298fbc9-35e8-4211-ae2c-2e876034393c');



DROP TABLE IF EXISTS `craft_deprecationerrors`;


--
-- Schema for table `craft_deprecationerrors`
--
CREATE TABLE `craft_deprecationerrors` (
  `id` int(11) NOT NULL AUTO_INCREMENT,
  `key` varchar(255) COLLATE utf8_unicode_ci NOT NULL,
  `fingerprint` varchar(255) COLLATE utf8_unicode_ci NOT NULL,
  `lastOccurrence` datetime NOT NULL,
  `file` varchar(255) COLLATE utf8_unicode_ci NOT NULL,
  `line` smallint(6) unsigned NOT NULL,
  `class` varchar(255) COLLATE utf8_unicode_ci DEFAULT NULL,
  `method` varchar(255) COLLATE utf8_unicode_ci DEFAULT NULL,
  `template` varchar(255) COLLATE utf8_unicode_ci DEFAULT NULL,
  `templateLine` smallint(6) unsigned DEFAULT NULL,
  `message` varchar(255) COLLATE utf8_unicode_ci DEFAULT NULL,
  `traces` text COLLATE utf8_unicode_ci,
  `dateCreated` datetime NOT NULL,
  `dateUpdated` datetime NOT NULL,
  `uid` char(36) COLLATE utf8_unicode_ci NOT NULL DEFAULT '0',
  PRIMARY KEY (`id`),
  UNIQUE KEY `craft_deprecationerrors_key_fingerprint_unq_idx` (`key`,`fingerprint`)
) ENGINE=InnoDB DEFAULT CHARSET=utf8 COLLATE=utf8_unicode_ci;

DROP TABLE IF EXISTS `craft_elementindexsettings`;


--
-- Schema for table `craft_elementindexsettings`
--
CREATE TABLE `craft_elementindexsettings` (
  `id` int(11) NOT NULL AUTO_INCREMENT,
  `type` varchar(150) COLLATE utf8_unicode_ci NOT NULL,
  `settings` text COLLATE utf8_unicode_ci,
  `dateCreated` datetime NOT NULL,
  `dateUpdated` datetime NOT NULL,
  `uid` char(36) COLLATE utf8_unicode_ci NOT NULL DEFAULT '0',
  PRIMARY KEY (`id`),
  UNIQUE KEY `craft_elementindexsettings_type_unq_idx` (`type`)
) ENGINE=InnoDB AUTO_INCREMENT=4 DEFAULT CHARSET=utf8 COLLATE=utf8_unicode_ci;

--
-- Data for table `craft_elementindexsettings`
--

INSERT INTO `craft_elementindexsettings` (`id`, `type`, `settings`, `dateCreated`, `dateUpdated`, `uid`) VALUES
 ('1', 'AmForms_Submission', '{\"sources\":{\"formId:22\":{\"tableAttributes\":{\"1\":\"dateCreated\",\"2\":\"dateUpdated\",\"3\":\"notes\",\"4\":\"formName\"}},\"formId:59\":{\"tableAttributes\":{\"1\":\"dateCreated\",\"2\":\"dateUpdated\",\"3\":\"notes\",\"4\":\"formName\"}}}}', '2016-03-27 02:34:56', '2016-03-27 02:35:17', 'b4647542-9226-4b9e-8552-e85b7a7626f0');



DROP TABLE IF EXISTS `craft_elements`;


--
-- Schema for table `craft_elements`
--
CREATE TABLE `craft_elements` (
  `id` int(11) NOT NULL AUTO_INCREMENT,
  `type` varchar(150) COLLATE utf8_unicode_ci NOT NULL,
  `enabled` tinyint(1) unsigned NOT NULL DEFAULT '1',
  `archived` tinyint(1) unsigned NOT NULL DEFAULT '0',
  `dateCreated` datetime NOT NULL,
  `dateUpdated` datetime NOT NULL,
  `uid` char(36) COLLATE utf8_unicode_ci NOT NULL DEFAULT '0',
  PRIMARY KEY (`id`),
  KEY `craft_elements_type_idx` (`type`),
  KEY `craft_elements_enabled_idx` (`enabled`),
  KEY `craft_elements_archived_dateCreated_idx` (`archived`,`dateCreated`)
) ENGINE=InnoDB AUTO_INCREMENT=77 DEFAULT CHARSET=utf8 COLLATE=utf8_unicode_ci;

--
-- Data for table `craft_elements`
--

INSERT INTO `craft_elements` (`id`, `type`, `enabled`, `archived`, `dateCreated`, `dateUpdated`, `uid`) VALUES
 ('1', 'User', '1', '0', '2016-01-28 15:30:40', '2016-01-28 15:30:40', '6c54c922-1d62-43df-b708-e65e77eb039a'),
 ('2', 'Entry', '1', '0', '2016-01-28 15:30:42', '2016-03-28 02:51:34', '1083badf-e368-40dc-a441-eafc2b01583a'),
 ('6', 'Entry', '1', '0', '2016-02-07 00:18:57', '2016-02-14 22:32:51', '8ff09820-b4f5-4061-8951-f4650aec837d'),
 ('7', 'Entry', '1', '0', '2016-02-07 00:19:07', '2016-02-14 22:25:21', 'e774df0c-ed2c-4990-8f1d-4c2e35cd28a2'),
 ('8', 'Entry', '1', '0', '2016-02-07 00:19:28', '2016-02-14 22:33:01', '78c0786b-d7a8-43f5-851f-d847b87a7132'),
 ('9', 'Entry', '1', '0', '2016-02-12 18:18:30', '2016-03-25 04:15:33', '63546e39-bc04-4ff5-ae20-df1ddd4262ae'),
 ('10', 'Entry', '1', '0', '2016-02-12 18:19:33', '2016-04-03 20:04:46', 'df18d633-693d-4de1-9e27-21e7b150abd9'),
 ('12', 'Asset', '1', '0', '2016-02-12 18:33:10', '2016-04-03 22:36:51', '931205a1-740f-49b7-b533-0fbd2f6cadfd'),
 ('14', 'Asset', '1', '0', '2016-02-12 18:33:40', '2016-04-03 22:36:51', 'cce8496e-a78d-46e2-a023-1cceb573e08c'),
 ('16', 'Asset', '1', '0', '2016-02-12 22:35:20', '2016-04-03 22:36:52', '88b60b65-2e40-41d5-b976-53558c8a5e3c'),
 ('18', 'Asset', '1', '0', '2016-02-12 23:32:56', '2016-04-03 22:36:50', 'e1c5751c-bb66-4145-8a10-fe2cdb976ffd'),
 ('19', 'GlobalSet', '1', '0', '2016-02-13 01:51:30', '2016-02-13 01:53:12', '0df108fd-d02c-4a4d-b5a6-2d8a9870cc20'),
 ('21', 'Asset', '1', '0', '2016-02-13 01:53:05', '2016-04-03 22:36:49', 'd2e232a5-4f05-4fbd-8979-11d10165b380'),
 ('22', 'AmForms_Form', '1', '0', '2016-02-14 19:44:01', '2016-04-03 19:26:51', '65fd2e49-c8b6-48a7-a0cc-84e9f518f732'),
 ('27', 'Entry', '1', '0', '2016-02-18 23:25:13', '2016-03-29 21:46:44', 'e59109d1-2f95-4e00-ae70-ea788da5efa7'),
 ('28', 'Asset', '1', '0', '2016-02-23 22:58:40', '2016-04-03 22:36:49', '9865986a-5a9b-488b-8c93-da1eec159d83'),
 ('29', 'Asset', '1', '0', '2016-02-23 22:58:40', '2016-04-03 22:36:49', '8b9ba846-54da-41a4-8a34-9701d3d216fb'),
 ('30', 'Asset', '1', '0', '2016-02-23 22:58:41', '2016-04-03 22:36:50', 'dbd7c1a0-905a-4550-b7fa-7301afb645f6'),
 ('31', 'Asset', '1', '0', '2016-02-23 22:58:41', '2016-04-03 22:36:51', '9e489490-718f-443d-ac76-75691dee4cfd'),
 ('32', 'Asset', '1', '0', '2016-02-23 23:01:53', '2016-04-03 22:36:52', '496aeaa9-d609-443f-9716-3cea5e727f50'),
 ('33', 'Asset', '1', '0', '2016-02-27 20:58:18', '2016-04-03 22:36:49', '2ae0dde3-c95d-4a3e-b784-7ea38f717ed3'),
 ('40', 'Asset', '1', '0', '2016-03-25 02:59:01', '2016-04-03 22:36:46', 'f9ab72f8-9a80-4498-9621-46d44e712352'),
 ('41', 'Asset', '1', '0', '2016-03-25 02:59:04', '2016-04-03 22:36:47', '422097b6-f9da-4d1d-9299-848a7d9d11ed'),
 ('42', 'Asset', '1', '0', '2016-03-25 02:59:05', '2016-04-03 22:36:47', '4c69bd57-e889-4b54-996f-bb349ccf7c27'),
 ('43', 'Asset', '1', '0', '2016-03-25 02:59:05', '2016-04-03 22:36:47', '2d369cf1-15b8-4914-994b-682940a8647e'),
 ('44', 'Asset', '1', '0', '2016-03-25 02:59:06', '2016-04-03 22:36:47', 'ed755270-5df1-4431-8d1b-e7cf478c1b89'),
 ('45', 'Asset', '1', '0', '2016-03-25 02:59:06', '2016-04-03 22:36:48', 'bb1ee6ae-c590-4556-8d4c-579e1161688b'),
 ('46', 'Asset', '1', '0', '2016-03-25 02:59:06', '2016-04-03 22:36:48', '7d0f3cd2-155b-4398-8ec4-100b946967da'),
 ('59', 'AmForms_Form', '1', '0', '2016-03-25 23:04:37', '2016-04-03 19:27:09', '15a79ecd-6431-4ec4-b346-3bfb6c558cc1'),
 ('68', 'AmForms_Submission', '1', '0', '2016-04-03 19:21:22', '2016-04-03 19:21:22', '515121f5-28f5-44fb-81d2-20cd481a8666'),
 ('69', 'Entry', '1', '0', '2016-04-03 19:23:07', '2016-04-03 19:39:00', '5d29012a-dd8b-446e-a4e2-9d17494d37a4'),
 ('70', 'AmForms_Submission', '1', '0', '2016-04-03 19:27:32', '2016-04-03 19:27:32', '85efe47c-80fc-4cc1-853d-c1397b7308a6'),
 ('71', 'Asset', '1', '0', '2016-04-03 22:36:48', '2016-04-03 22:36:48', '1551eb8f-d55b-44b7-a2dc-6c7c859c901c'),
 ('72', 'Asset', '1', '0', '2016-04-03 22:36:50', '2016-04-03 22:36:50', '2a1e8833-1daa-4de8-8a70-5c4ceb6cfb00'),
 ('73', 'Asset', '1', '0', '2016-04-03 22:36:50', '2016-04-03 22:36:50', 'b4ce9804-de3b-4933-afca-009060369430'),
 ('74', 'Asset', '1', '0', '2016-04-03 22:36:51', '2016-04-03 22:36:51', 'f7613215-1024-4e76-a5a8-67b195667f3c'),
 ('75', 'Asset', '1', '0', '2016-04-03 22:36:51', '2016-04-03 22:36:52', '00a7b841-eaac-478c-adde-b52491011813'),
 ('76', 'Asset', '1', '0', '2016-04-03 22:36:52', '2016-04-03 22:36:52', 'b2da2dda-553a-41b0-91e2-5128067241e3');



DROP TABLE IF EXISTS `craft_elements_i18n`;


--
-- Schema for table `craft_elements_i18n`
--
CREATE TABLE `craft_elements_i18n` (
  `id` int(11) NOT NULL AUTO_INCREMENT,
  `elementId` int(11) NOT NULL,
  `locale` char(12) COLLATE utf8_unicode_ci NOT NULL,
  `slug` varchar(255) COLLATE utf8_unicode_ci DEFAULT NULL,
  `uri` varchar(255) COLLATE utf8_unicode_ci DEFAULT NULL,
  `enabled` tinyint(1) unsigned NOT NULL DEFAULT '1',
  `dateCreated` datetime NOT NULL,
  `dateUpdated` datetime NOT NULL,
  `uid` char(36) COLLATE utf8_unicode_ci NOT NULL DEFAULT '0',
  PRIMARY KEY (`id`),
  UNIQUE KEY `craft_elements_i18n_elementId_locale_unq_idx` (`elementId`,`locale`),
  UNIQUE KEY `craft_elements_i18n_uri_locale_unq_idx` (`uri`,`locale`),
  KEY `craft_elements_i18n_slug_locale_idx` (`slug`,`locale`),
  KEY `craft_elements_i18n_enabled_idx` (`enabled`),
  KEY `craft_elements_i18n_locale_fk` (`locale`)
) ENGINE=InnoDB AUTO_INCREMENT=77 DEFAULT CHARSET=utf8 COLLATE=utf8_unicode_ci;

--
-- Data for table `craft_elements_i18n`
--

INSERT INTO `craft_elements_i18n` (`id`, `elementId`, `locale`, `slug`, `uri`, `enabled`, `dateCreated`, `dateUpdated`, `uid`) VALUES
 ('1', '1', 'en_us', '', NULL, '1', '2016-01-28 15:30:40', '2016-01-28 15:30:40', '5440a26f-0aac-46b2-b4f7-b4dd9c9b7e5a'),
 ('2', '2', 'en_us', 'homepage', '__home__', '1', '2016-01-28 15:30:42', '2016-03-28 02:51:35', '67aa4606-cec0-4528-a0ed-1ec31c4962c7'),
 ('6', '6', 'en_us', 'baseball-cap', 'products/baseball-cap', '1', '2016-02-07 00:18:57', '2016-02-14 22:32:51', '6c6c5436-3fc0-4f35-86ad-67818348b73a'),
 ('7', '7', 'en_us', 'dri-fit-polo', 'products/dri-fit-polo', '1', '2016-02-07 00:19:07', '2016-02-14 22:25:21', '072ca26f-db4b-407e-9b9e-d39fe5cbd825'),
 ('8', '8', 'en_us', 'mfrofhf-wristbands', 'products/mfrofhf-wristbands', '1', '2016-02-07 00:19:28', '2016-02-14 22:33:01', '8253b3f1-ed24-4a62-9147-8d52612d0998'),
 ('9', '9', 'en_us', '5th-annual-charity-bowling-event', 'events/2016/5th-annual-charity-bowling-event', '1', '2016-02-12 18:18:30', '2016-03-25 04:15:33', '2b345d7d-1f53-44e1-96d6-c6090d093d6d'),
 ('10', '10', 'en_us', '3rd-annual-charity-golf-outing', 'events/2016/3rd-annual-charity-golf-outing', '1', '2016-02-12 18:19:33', '2016-04-03 20:04:47', 'decef9c4-dd78-49f6-8286-0b4be32fce9f'),
 ('12', '12', 'en_us', 'mf-polo', NULL, '1', '2016-02-12 18:33:10', '2016-04-03 22:36:51', '485aaec8-ed95-46f6-b8bc-56df554d7fff'),
 ('14', '14', 'en_us', 'event1', NULL, '1', '2016-02-12 18:33:40', '2016-04-03 22:36:51', 'f49073e6-03f9-490e-bace-6182e5d40b47'),
 ('16', '16', 'en_us', 'woman-ocean', NULL, '1', '2016-02-12 22:35:20', '2016-04-03 22:36:52', '3daad26f-52c2-4aeb-bdd2-c8dd00883f2a'),
 ('18', '18', 'en_us', 'mf-hat', NULL, '1', '2016-02-12 23:32:56', '2016-04-03 22:36:50', 'a65b98d1-451f-4f57-9149-34ce3867c7ae'),
 ('19', '19', 'en_us', '', NULL, '1', '2016-02-13 01:51:30', '2016-02-13 01:53:12', 'b398c98f-d8b5-4a19-a650-a8ea22f5a1a2'),
 ('21', '21', 'en_us', 'facebook-icon', NULL, '1', '2016-02-13 01:53:05', '2016-04-03 22:36:49', '3e3ac4be-6831-4a41-8116-520b6737489a'),
 ('22', '22', 'en_us', '', NULL, '1', '2016-02-14 19:44:01', '2016-04-03 19:26:51', 'e2799e0d-41af-4f98-a962-25f53d9344f3'),
 ('27', '27', 'en_us', 'get-help', 'get-help', '1', '2016-02-18 23:25:13', '2016-03-29 21:46:44', '40802147-d8c1-4db7-9101-36adfcac7680'),
 ('28', '28', 'en_us', 'facebok', NULL, '1', '2016-02-23 22:58:40', '2016-04-03 22:36:49', '324a0b44-7385-49be-b026-e83adc67b7e1'),
 ('29', '29', 'en_us', 'instagram', NULL, '1', '2016-02-23 22:58:40', '2016-04-03 22:36:49', '10315947-6eb4-4721-85e7-b6414da2171e'),
 ('30', '30', 'en_us', 'mf-icon', NULL, '1', '2016-02-23 22:58:41', '2016-04-03 22:36:50', '1e848d44-6c98-4d46-8d6f-8f1f550a1b4a'),
 ('31', '31', 'en_us', 'twitter', NULL, '1', '2016-02-23 22:58:41', '2016-04-03 22:36:51', 'fccd7302-a80f-4b2e-9363-403167fdb321'),
 ('32', '32', 'en_us', 'main-background', NULL, '1', '2016-02-23 23:01:53', '2016-04-03 22:36:52', '97651c46-517f-49d1-b1db-ced6ac0bb466'),
 ('33', '33', 'en_us', 'golf', NULL, '1', '2016-02-27 20:58:18', '2016-04-03 22:36:49', '7b647d60-93bb-499e-a28c-e8e5d865a496'),
 ('40', '40', 'en_us', '1200x768-a', NULL, '1', '2016-03-25 02:59:01', '2016-04-03 22:36:46', '3ee59bf1-cf71-4a4a-8ccb-4f226a3687a2'),
 ('41', '41', 'en_us', '1200x768-b', NULL, '1', '2016-03-25 02:59:04', '2016-04-03 22:36:47', '0442dcb2-5b08-4cd5-973d-d8074ccd2b0c'),
 ('42', '42', 'en_us', '1200x768-c', NULL, '1', '2016-03-25 02:59:05', '2016-04-03 22:36:47', 'b8f3e450-98c9-4767-a335-3bdbdcaf67c3'),
 ('43', '43', 'en_us', '1200x768-d', NULL, '1', '2016-03-25 02:59:05', '2016-04-03 22:36:47', '9dbc6298-6d2b-4736-96b2-4fb86c3b186f'),
 ('44', '44', 'en_us', '1200x768-e', NULL, '1', '2016-03-25 02:59:06', '2016-04-03 22:36:47', '7abf8e44-6987-4506-8b40-885ff86fc9f5'),
 ('45', '45', 'en_us', '1200x768-f', NULL, '1', '2016-03-25 02:59:06', '2016-04-03 22:36:48', '26449f6f-213a-4041-90e7-d66ff4d3beb0'),
 ('46', '46', 'en_us', '1200x768-h', NULL, '1', '2016-03-25 02:59:06', '2016-04-03 22:36:48', '850c84d9-b747-469a-8657-57ea7ac1de13'),
 ('59', '59', 'en_us', '', NULL, '1', '2016-03-25 23:04:37', '2016-04-03 19:27:09', 'a3631dd0-7075-4f7f-9ee0-2075358742aa'),
 ('68', '68', 'en_us', 'test-me-com', NULL, '1', '2016-04-03 19:21:22', '2016-04-03 19:21:22', '6934aea0-ab7c-4003-96d4-faf9bde1eafb'),
 ('69', '69', 'en_us', 'thank-you', 'thank-you', '1', '2016-04-03 19:23:07', '2016-04-03 19:39:00', '25a11d34-334c-4a49-84d7-9c73368d7950'),
 ('70', '70', 'en_us', 'first-test-last-test', NULL, '1', '2016-04-03 19:27:32', '2016-04-03 19:27:32', '9fce352a-4f2d-4a3f-a836-f2045472298d'),
 ('71', '71', 'en_us', 'background', NULL, '1', '2016-04-03 22:36:48', '2016-04-03 22:36:48', '5e7ca30c-afc3-45fd-bd05-bee8265616c0'),
 ('72', '72', 'en_us', 'linked-in-icon', NULL, '1', '2016-04-03 22:36:50', '2016-04-03 22:36:50', '84cddceb-2772-4deb-8c11-6fca9f6452f3'),
 ('73', '73', 'en_us', 'mf-logo', NULL, '1', '2016-04-03 22:36:50', '2016-04-03 22:36:50', 'ca5fea27-d5bb-4508-aa13-1561dca52deb'),
 ('74', '74', 'en_us', 'twitter-icon', NULL, '1', '2016-04-03 22:36:51', '2016-04-03 22:36:51', 'feb37f27-1303-495d-9f20-cdb6b7a2ec3c'),
 ('75', '75', 'en_us', 'heart-hands', NULL, '1', '2016-04-03 22:36:51', '2016-04-03 22:36:52', '0fddad9e-5cec-408c-b390-7f6797f40de5'),
 ('76', '76', 'en_us', 'mf-main-background', NULL, '1', '2016-04-03 22:36:52', '2016-04-03 22:36:52', '2f8d49b5-6d5d-4c39-8166-d4b4c8a6775f');



DROP TABLE IF EXISTS `craft_emailmessages`;


--
-- Schema for table `craft_emailmessages`
--
CREATE TABLE `craft_emailmessages` (
  `id` int(11) NOT NULL AUTO_INCREMENT,
  `key` char(150) COLLATE utf8_unicode_ci NOT NULL,
  `locale` char(12) COLLATE utf8_unicode_ci NOT NULL,
  `subject` varchar(1000) COLLATE utf8_unicode_ci NOT NULL,
  `body` text COLLATE utf8_unicode_ci NOT NULL,
  `dateCreated` datetime NOT NULL,
  `dateUpdated` datetime NOT NULL,
  `uid` char(36) COLLATE utf8_unicode_ci NOT NULL DEFAULT '0',
  PRIMARY KEY (`id`),
  UNIQUE KEY `craft_emailmessages_key_locale_unq_idx` (`key`,`locale`),
  KEY `craft_emailmessages_locale_fk` (`locale`)
) ENGINE=InnoDB DEFAULT CHARSET=utf8 COLLATE=utf8_unicode_ci;

DROP TABLE IF EXISTS `craft_entries`;


--
-- Schema for table `craft_entries`
--
CREATE TABLE `craft_entries` (
  `id` int(11) NOT NULL,
  `sectionId` int(11) NOT NULL,
  `typeId` int(11) DEFAULT NULL,
  `authorId` int(11) DEFAULT NULL,
  `postDate` datetime DEFAULT NULL,
  `expiryDate` datetime DEFAULT NULL,
  `dateCreated` datetime NOT NULL,
  `dateUpdated` datetime NOT NULL,
  `uid` char(36) COLLATE utf8_unicode_ci NOT NULL DEFAULT '0',
  PRIMARY KEY (`id`),
  KEY `craft_entries_sectionId_idx` (`sectionId`),
  KEY `craft_entries_typeId_idx` (`typeId`),
  KEY `craft_entries_postDate_idx` (`postDate`),
  KEY `craft_entries_expiryDate_idx` (`expiryDate`),
  KEY `craft_entries_authorId_fk` (`authorId`)
) ENGINE=InnoDB DEFAULT CHARSET=utf8 COLLATE=utf8_unicode_ci;

--
-- Data for table `craft_entries`
--

INSERT INTO `craft_entries` (`id`, `sectionId`, `typeId`, `authorId`, `postDate`, `expiryDate`, `dateCreated`, `dateUpdated`, `uid`) VALUES
 ('2', '1', NULL, NULL, '2016-01-28 15:30:42', NULL, '2016-01-28 15:30:42', '2016-03-28 02:51:35', 'f4a400e3-4e16-4552-989d-c1a77f9d7789'),
 ('6', '3', '3', '1', '2016-02-07 00:30:00', NULL, '2016-02-07 00:18:57', '2016-02-14 22:32:51', 'afd19494-fea1-4449-aca4-e160ab949c3e'),
 ('7', '3', '3', '1', '2016-02-07 00:19:00', NULL, '2016-02-07 00:19:07', '2016-02-14 22:25:21', '9ee79dac-5753-4c41-89d5-794017d37318'),
 ('8', '3', '3', '1', '2016-02-07 00:00:00', NULL, '2016-02-07 00:19:28', '2016-02-14 22:33:01', '230cc54e-ea9b-43d1-9cc2-069dba1e9e83'),
 ('9', '2', '2', '1', '2016-02-12 00:00:00', NULL, '2016-02-12 18:18:30', '2016-03-25 04:15:33', '7bf695e1-bc6e-417d-8dcf-94137e930cce'),
 ('10', '2', '2', '1', '2016-02-12 00:00:00', NULL, '2016-02-12 18:19:33', '2016-04-03 20:04:47', '7db59bb9-a5c1-46f3-af2c-9c1a92969c04'),
 ('27', '4', '4', NULL, '2016-02-18 23:37:39', NULL, '2016-02-18 23:25:14', '2016-03-29 21:46:44', '9fe77f4a-a71e-4dce-8e50-964ec6c849e4'),
 ('69', '5', NULL, NULL, '2016-04-03 19:23:07', NULL, '2016-04-03 19:23:07', '2016-04-03 19:39:00', '71d8b329-54f9-4431-8b3f-e30ab6bf534f');



DROP TABLE IF EXISTS `craft_entrydrafts`;


--
-- Schema for table `craft_entrydrafts`
--
CREATE TABLE `craft_entrydrafts` (
  `id` int(11) NOT NULL AUTO_INCREMENT,
  `entryId` int(11) NOT NULL,
  `sectionId` int(11) NOT NULL,
  `creatorId` int(11) NOT NULL,
  `locale` char(12) COLLATE utf8_unicode_ci NOT NULL,
  `name` varchar(255) COLLATE utf8_unicode_ci NOT NULL,
  `notes` tinytext COLLATE utf8_unicode_ci,
  `data` mediumtext COLLATE utf8_unicode_ci NOT NULL,
  `dateCreated` datetime NOT NULL,
  `dateUpdated` datetime NOT NULL,
  `uid` char(36) COLLATE utf8_unicode_ci NOT NULL DEFAULT '0',
  PRIMARY KEY (`id`),
  KEY `craft_entrydrafts_entryId_locale_idx` (`entryId`,`locale`),
  KEY `craft_entrydrafts_sectionId_fk` (`sectionId`),
  KEY `craft_entrydrafts_creatorId_fk` (`creatorId`),
  KEY `craft_entrydrafts_locale_fk` (`locale`)
) ENGINE=InnoDB DEFAULT CHARSET=utf8 COLLATE=utf8_unicode_ci;

DROP TABLE IF EXISTS `craft_entrytypes`;


--
-- Schema for table `craft_entrytypes`
--
CREATE TABLE `craft_entrytypes` (
  `id` int(11) NOT NULL AUTO_INCREMENT,
  `sectionId` int(11) NOT NULL,
  `fieldLayoutId` int(11) DEFAULT NULL,
  `name` varchar(255) COLLATE utf8_unicode_ci NOT NULL,
  `handle` varchar(255) COLLATE utf8_unicode_ci NOT NULL,
  `hasTitleField` tinyint(1) unsigned NOT NULL DEFAULT '1',
  `titleLabel` varchar(255) COLLATE utf8_unicode_ci DEFAULT 'Title',
  `titleFormat` varchar(255) COLLATE utf8_unicode_ci DEFAULT NULL,
  `sortOrder` smallint(6) unsigned DEFAULT NULL,
  `dateCreated` datetime NOT NULL,
  `dateUpdated` datetime NOT NULL,
  `uid` char(36) COLLATE utf8_unicode_ci NOT NULL DEFAULT '0',
  PRIMARY KEY (`id`),
  UNIQUE KEY `craft_entrytypes_name_sectionId_unq_idx` (`name`,`sectionId`),
  UNIQUE KEY `craft_entrytypes_handle_sectionId_unq_idx` (`handle`,`sectionId`),
  KEY `craft_entrytypes_sectionId_fk` (`sectionId`),
  KEY `craft_entrytypes_fieldLayoutId_fk` (`fieldLayoutId`)
) ENGINE=InnoDB AUTO_INCREMENT=6 DEFAULT CHARSET=utf8 COLLATE=utf8_unicode_ci;

--
-- Data for table `craft_entrytypes`
--

INSERT INTO `craft_entrytypes` (`id`, `sectionId`, `fieldLayoutId`, `name`, `handle`, `hasTitleField`, `titleLabel`, `titleFormat`, `sortOrder`, `dateCreated`, `dateUpdated`, `uid`) VALUES
 ('1', '1', '29', 'Homepage', 'homepage', '1', 'Title', NULL, NULL, '2016-01-28 15:30:42', '2016-02-13 01:42:36', 'f6536a53-f9d7-47f7-b70f-ab21c0add118'),
 ('2', '2', '43', 'Events', 'events', '1', 'Title', NULL, NULL, '2016-01-28 15:30:42', '2016-03-25 04:15:13', 'fb4b3e2c-69c4-4f1a-a8c3-3fdc9aa1afc6'),
 ('3', '3', '33', 'Products', 'products', '1', 'Title', NULL, NULL, '2016-02-07 00:18:00', '2016-02-14 05:38:20', 'fc4c57c7-7011-4a07-809d-6f4aecfef28d'),
 ('4', '4', '72', 'Get Help', 'getHelp', '1', '', NULL, NULL, '2016-02-18 23:25:13', '2016-03-29 21:47:04', 'b91e0955-b5c4-4f42-bb2a-dfd840500393'),
 ('5', '5', '79', 'Thank You', 'thankYou', '1', '', NULL, NULL, '2016-04-03 19:23:07', '2016-04-03 19:39:12', '8b25d99b-4d05-4bcd-9e38-5bb1f258a9cd');



DROP TABLE IF EXISTS `craft_entryversions`;


--
-- Schema for table `craft_entryversions`
--
CREATE TABLE `craft_entryversions` (
  `id` int(11) NOT NULL AUTO_INCREMENT,
  `entryId` int(11) NOT NULL,
  `sectionId` int(11) NOT NULL,
  `creatorId` int(11) DEFAULT NULL,
  `locale` char(12) COLLATE utf8_unicode_ci NOT NULL,
  `num` smallint(6) unsigned NOT NULL,
  `notes` tinytext COLLATE utf8_unicode_ci,
  `data` mediumtext COLLATE utf8_unicode_ci NOT NULL,
  `dateCreated` datetime NOT NULL,
  `dateUpdated` datetime NOT NULL,
  `uid` char(36) COLLATE utf8_unicode_ci NOT NULL DEFAULT '0',
  PRIMARY KEY (`id`),
  KEY `craft_entryversions_entryId_locale_idx` (`entryId`,`locale`),
  KEY `craft_entryversions_sectionId_fk` (`sectionId`),
  KEY `craft_entryversions_creatorId_fk` (`creatorId`),
  KEY `craft_entryversions_locale_fk` (`locale`)
) ENGINE=InnoDB AUTO_INCREMENT=88 DEFAULT CHARSET=utf8 COLLATE=utf8_unicode_ci;

--
-- Data for table `craft_entryversions`
--

INSERT INTO `craft_entryversions` (`id`, `entryId`, `sectionId`, `creatorId`, `locale`, `num`, `notes`, `data`, `dateCreated`, `dateUpdated`, `uid`) VALUES
 ('1', '2', '1', '1', 'en_us', '1', NULL, '{\"typeId\":\"1\",\"authorId\":null,\"title\":\"Homepage\",\"slug\":\"homepage\",\"postDate\":1453995042,\"expiryDate\":null,\"enabled\":1,\"parentId\":null,\"fields\":[]}', '2016-01-28 15:30:42', '2016-01-28 15:30:42', '867c4632-f8da-42c8-8512-9e0346882637'),
 ('2', '2', '1', '1', 'en_us', '2', NULL, '{\"typeId\":null,\"authorId\":null,\"title\":\"Welcome to Mikelfruitsrofhf.dev!\",\"slug\":\"homepage\",\"postDate\":1453995042,\"expiryDate\":null,\"enabled\":\"1\",\"parentId\":null,\"fields\":{\"1\":\"<p>It\\u2019s true, this site doesn\\u2019t have a whole lot of content yet, but don\\u2019t worry. Our web developers have just installed the CMS, and they\\u2019re setting things up for the content editors this very moment. Soon Mikelfruitsrofhf.dev will be an oasis of fresh perspectives, sharp analyses, and astute opinions that will keep you coming back again and again.<\\/p>\"}}', '2016-01-28 15:30:42', '2016-01-28 15:30:42', '1ae9ce49-6e84-4cda-9336-844c96968995'),
 ('7', '6', '3', '1', 'en_us', '1', '', '{\"typeId\":null,\"authorId\":\"1\",\"title\":\"Baseball Cap\",\"slug\":\"baseball-cap\",\"postDate\":1454804337,\"expiryDate\":null,\"enabled\":1,\"parentId\":null,\"fields\":[]}', '2016-02-07 00:18:57', '2016-02-07 00:18:57', 'b8a81eee-93f8-4300-bf98-e1c3df9dbcdb'),
 ('8', '7', '3', '1', 'en_us', '1', '', '{\"typeId\":null,\"authorId\":\"1\",\"title\":\"Dri-Fit Polo\",\"slug\":\"dri-fit-polo\",\"postDate\":1454804347,\"expiryDate\":null,\"enabled\":1,\"parentId\":null,\"fields\":[]}', '2016-02-07 00:19:07', '2016-02-07 00:19:07', '252a378a-f5f5-40d4-8f00-51894837af58'),
 ('9', '8', '3', '1', 'en_us', '1', '', '{\"typeId\":null,\"authorId\":\"1\",\"title\":\"#MFROFHF Wristbands\",\"slug\":\"mfrofhf-wristbands\",\"postDate\":1454804368,\"expiryDate\":null,\"enabled\":1,\"parentId\":null,\"fields\":[]}', '2016-02-07 00:19:28', '2016-02-07 00:19:28', '4ef4ae39-b5cc-413d-979e-e6b607898694'),
 ('10', '8', '3', '1', 'en_us', '2', '', '{\"typeId\":\"3\",\"authorId\":\"1\",\"title\":\"#MFROFHF Wristbands\",\"slug\":\"mfrofhf-wristbands\",\"postDate\":1454803200,\"expiryDate\":null,\"enabled\":1,\"parentId\":null,\"fields\":[]}', '2016-02-07 00:49:04', '2016-02-07 00:49:04', 'f6161afb-1186-4264-ad43-c1c4ff786e35'),
 ('11', '6', '3', '1', 'en_us', '2', '', '{\"typeId\":\"3\",\"authorId\":\"1\",\"title\":\"Baseball Cap\",\"slug\":\"baseball-cap\",\"postDate\":1454805000,\"expiryDate\":null,\"enabled\":1,\"parentId\":null,\"fields\":[]}', '2016-02-07 00:49:36', '2016-02-07 00:49:36', 'dc986d0a-a9cd-4182-ac16-ad210a6b0853'),
 ('12', '9', '2', '1', 'en_us', '1', '', '{\"typeId\":null,\"authorId\":\"1\",\"title\":\"5th Annual Charity Bowling Event\",\"slug\":\"5th-annual-charity-bowling-event\",\"postDate\":1455301110,\"expiryDate\":null,\"enabled\":1,\"parentId\":null,\"fields\":{\"3\":{\"date\":\"1\\/30\\/2016\"},\"5\":\"Southern Bowl\",\"4\":{\"time\":\"12:30 PM\"}}}', '2016-02-12 18:18:30', '2016-02-12 18:18:30', '7d2f71cb-e37a-4eb1-887e-f8643f29018c'),
 ('13', '10', '2', '1', 'en_us', '1', '', '{\"typeId\":null,\"authorId\":\"1\",\"title\":\"3rd Annual Charity Golf Outing\",\"slug\":\"3rd-annual-charity-golf-outing\",\"postDate\":1455301173,\"expiryDate\":null,\"enabled\":1,\"parentId\":null,\"fields\":{\"3\":{\"date\":\"7\\/26\\/2016\"},\"5\":\"Southern Dunes\",\"4\":{\"time\":\"12:30 PM\"}}}', '2016-02-12 18:19:33', '2016-02-12 18:19:33', '790f295d-4f4c-4cf8-96aa-e04d89934533'),
 ('14', '10', '2', '1', 'en_us', '2', '', '{\"typeId\":\"2\",\"authorId\":\"1\",\"title\":\"3rd Annual Charity Golf Outing\",\"slug\":\"3rd-annual-charity-golf-outing\",\"postDate\":1455301140,\"expiryDate\":null,\"enabled\":1,\"parentId\":null,\"fields\":{\"3\":{\"date\":\"7\\/26\\/2016\"},\"5\":\"Southern Dunes\",\"4\":\"12:30 pm\"}}', '2016-02-12 18:25:15', '2016-02-12 18:25:15', 'ac97bcb5-dc05-4748-b05c-bbfe382fc49d'),
 ('15', '9', '2', '1', 'en_us', '2', '', '{\"typeId\":\"2\",\"authorId\":\"1\",\"title\":\"5th Annual Charity Bowling Event\",\"slug\":\"5th-annual-charity-bowling-event\",\"postDate\":1455235200,\"expiryDate\":null,\"enabled\":1,\"parentId\":null,\"fields\":{\"3\":{\"date\":\"1\\/30\\/2016\"},\"5\":\"Southern Bowl\",\"4\":\"12:30 pm\"}}', '2016-02-12 18:25:31', '2016-02-12 18:25:31', 'b723693c-1f7a-47e5-8d7f-d7468354d8b2'),
 ('16', '10', '2', '1', 'en_us', '3', '', '{\"typeId\":\"2\",\"authorId\":\"1\",\"title\":\"3rd Annual Charity Golf Outing\",\"slug\":\"3rd-annual-charity-golf-outing\",\"postDate\":1455235200,\"expiryDate\":null,\"enabled\":1,\"parentId\":null,\"fields\":{\"3\":{\"date\":\"7\\/26\\/2016\"},\"5\":\"Southern Dunes\",\"4\":\"12:30 pm\"}}', '2016-02-12 18:25:46', '2016-02-12 18:25:46', '5fbde82a-dc30-4cc1-9c4c-2665102918f6'),
 ('17', '2', '1', '1', 'en_us', '3', '', '{\"typeId\":null,\"authorId\":null,\"title\":\"Homepage\",\"slug\":\"homepage\",\"postDate\":1453995042,\"expiryDate\":null,\"enabled\":1,\"parentId\":null,\"fields\":{\"1\":\"<p>It\\u2019s true, this site doesn\\u2019t have a whole lot of content yet, but don\\u2019t worry. Our web developers have just installed the CMS, and they\\u2019re setting things up for the content editors this very moment. Soon Mikelfruitsrofhf.dev will be an oasis of fresh perspectives, sharp analyses, and astute opinions that will keep you coming back again and again.<\\/p>\",\"7\":\"\"}}', '2016-02-12 18:28:09', '2016-02-12 18:28:09', 'b89b0bb7-c775-4c4a-999a-afbd83d76eb2'),
 ('18', '2', '1', '1', 'en_us', '4', '', '{\"typeId\":null,\"authorId\":null,\"title\":\"Homepage\",\"slug\":\"homepage\",\"postDate\":1453995042,\"expiryDate\":null,\"enabled\":1,\"parentId\":null,\"fields\":{\"7\":\"Lorem ipsum dolor sit amet, consectetur adipiscing elit. Donec a diam lectus. Sed sit amet ipsum mauris. Maecenas congue ligula ac quam viverra nec consectetur ante hendrerit. Donec et mollis dolor. Praesent et diam eget libero egestas mattis sit amet vitae augue. Nam tincidunt congue enim, ut porta lorem lacinia consectetur.\\r\\n\\r\\nCurabitur dapibus enim sit amet elit pharetra tincidunt feugiat nisl imperdiet. Ut convallis libero in urna ultrices accumsan. Donec sed odio eros. Donec viverra mi quis quam pulvinar at malesuada arcu rhoncus. Cum sociis natoque penatibus et magnis dis parturient montes, nascetur ridiculus mus. In rutrum accumsan ultricies. Mauris vitae nisi at sem facilisis semper ac in est. Donec ut libero sed arcu vehicula ultricies a non tortor. Lorem ipsum dolor sit amet, consectetur adipiscing elit. Aenean ut gravida lorem. Ut turpis felis, pulvinar a semper sed, adipiscing id dolor. Pellentesque auctor nisi id magna consequat sagittis.\"}}', '2016-02-12 18:29:15', '2016-02-12 18:29:15', 'b47bc036-8e05-49a5-bab2-b82b834ff247'),
 ('19', '2', '1', '1', 'en_us', '5', '', '{\"typeId\":null,\"authorId\":null,\"title\":\"Homepage\",\"slug\":\"homepage\",\"postDate\":1453995042,\"expiryDate\":null,\"enabled\":1,\"parentId\":null,\"fields\":{\"7\":\"Lorem ipsum dolor sit amet, consectetur adipiscing elit. Donec a diam lectus. Sed sit amet ipsum mauris. Maecenas congue ligula ac quam viverra nec consectetur ante hendrerit. Donec et mollis dolor. Praesent et diam eget libero egestas mattis sit amet vitae augue. Nam tincidunt congue enim, ut porta lorem lacinia consectetur.\\r\\n\\r\\nCurabitur dapibus enim sit amet elit pharetra tincidunt feugiat nisl imperdiet. Ut convallis libero in urna ultrices accumsan. Donec sed odio eros. Donec viverra mi quis quam pulvinar at malesuada arcu rhoncus. Cum sociis natoque penatibus et magnis dis parturient montes, nascetur ridiculus mus. In rutrum accumsan ultricies. Mauris vitae nisi at sem facilisis semper ac in est. Donec ut libero sed arcu vehicula ultricies a non tortor. Lorem ipsum dolor sit amet, consectetur adipiscing elit. Aenean ut gravida lorem. Ut turpis felis, pulvinar a semper sed, adipiscing id dolor. Pellentesque auctor nisi id magna consequat sagittis.\"}}', '2016-02-12 18:29:52', '2016-02-12 18:29:52', '328153da-c608-4117-8fda-795d512807a6'),
 ('20', '2', '1', '1', 'en_us', '6', '', '{\"typeId\":null,\"authorId\":null,\"title\":\"Homepage\",\"slug\":\"homepage\",\"postDate\":1453995042,\"expiryDate\":null,\"enabled\":1,\"parentId\":null,\"fields\":{\"7\":\"<p>Lorem ipsum dolor sit amet, consectetur adipiscing elit. Donec a diam lectus. Sed sit amet ipsum mauris. Maecenas congue ligula ac quam viverra nec consectetur ante hendrerit. Donec et mollis dolor. Praesent et diam eget libero egestas mattis sit amet vitae augue. Nam tincidunt congue enim, ut porta lorem lacinia consectetur.<\\/p>\\r\\n\\r\\n<p>Curabitur dapibus enim sit amet elit pharetra tincidunt feugiat nisl imperdiet. Ut convallis libero in urna ultrices accumsan. Donec sed odio eros. Donec viverra mi quis quam pulvinar at malesuada arcu rhoncus. Cum sociis natoque penatibus et magnis dis parturient montes, nascetur ridiculus mus. In rutrum accumsan ultricies. Mauris vitae nisi at sem facilisis semper ac in est. Donec ut libero sed arcu vehicula ultricies a non tortor. Lorem ipsum dolor sit amet, consectetur adipiscing elit. Aenean ut gravida lorem. Ut turpis felis, pulvinar a semper sed, adipiscing id dolor. Pellentesque auctor nisi id magna consequat sagittis.<\\/p>\"}}', '2016-02-12 18:30:25', '2016-02-12 18:30:25', 'baad68f1-ca00-472d-9828-7585d366cdda'),
 ('21', '2', '1', '1', 'en_us', '7', '', '{\"typeId\":null,\"authorId\":null,\"title\":\"Homepage\",\"slug\":\"homepage\",\"postDate\":1453995042,\"expiryDate\":null,\"enabled\":1,\"parentId\":null,\"fields\":{\"7\":\"<p>Lorem ipsum dolor sit amet, consectetur adipiscing elit. Donec a diam lectus. Sed sit amet ipsum mauris. Maecenas congue ligula ac quam viverra nec consectetur ante hendrerit. Donec et mollis dolor. Praesent et diam eget libero egestas mattis sit amet vitae augue. Nam tincidunt congue enim, ut porta lorem lacinia consectetur.<\\/p>\\r\\n\\r\\n<p>Donec sed odio eros. Donec viverra mi quis quam pulvinar at malesuada arcu rhoncus. Cum sociis natoque penatibus et magnis dis parturient montes, nascetur ridiculus mus. In rutrum accumsan ultricies. Mauris vitae nisi at sem facilisis semper ac in est. Donec ut libero sed arcu vehicula ultricies a non tortor. Lorem ipsum dolor sit amet, consectetur adipiscing elit. Aenean ut gravida lorem. Ut turpis felis, pulvinar a semper sed, adipiscing id dolor. Pellentesque auctor nisi id magna consequat sagittis.<\\/p>\"}}', '2016-02-12 18:30:42', '2016-02-12 18:30:42', '66659452-ec8d-48c9-a70a-787dfe9865ef'),
 ('22', '9', '2', '1', 'en_us', '3', '', '{\"typeId\":\"2\",\"authorId\":\"1\",\"title\":\"5th Annual Charity Bowling Event\",\"slug\":\"5th-annual-charity-bowling-event\",\"postDate\":1455235200,\"expiryDate\":null,\"enabled\":1,\"parentId\":null,\"fields\":{\"3\":{\"date\":\"1\\/30\\/2016\"},\"5\":\"Southern Bowl\",\"6\":[\"14\"],\"4\":\"12:30 pm\"}}', '2016-02-12 18:39:02', '2016-02-12 18:39:02', '3bca10a1-7255-461a-8660-5b5f1336331b'),
 ('23', '10', '2', '1', 'en_us', '4', '', '{\"typeId\":\"2\",\"authorId\":\"1\",\"title\":\"3rd Annual Charity Golf Outing\",\"slug\":\"3rd-annual-charity-golf-outing\",\"postDate\":1455235200,\"expiryDate\":null,\"enabled\":1,\"parentId\":null,\"fields\":{\"3\":{\"date\":\"7\\/26\\/2016\"},\"5\":\"Southern Dunes\",\"6\":[\"12\"],\"4\":\"12:30 pm\"}}', '2016-02-12 18:39:12', '2016-02-12 18:39:12', 'c81abdb5-d94a-45a4-9184-703cdf712fd0'),
 ('24', '2', '1', '1', 'en_us', '8', '', '{\"typeId\":null,\"authorId\":null,\"title\":\"Homepage\",\"slug\":\"homepage\",\"postDate\":1453995042,\"expiryDate\":null,\"enabled\":1,\"parentId\":null,\"fields\":{\"6\":[\"14\",\"12\"],\"7\":\"<p>Lorem ipsum dolor sit amet, consectetur adipiscing elit. Donec a diam lectus. Sed sit amet ipsum mauris. Maecenas congue ligula ac quam viverra nec consectetur ante hendrerit. Donec et mollis dolor. Praesent et diam eget libero egestas mattis sit amet vitae augue. Nam tincidunt congue enim, ut porta lorem lacinia consectetur.<\\/p>\\r\\n\\r\\n<p>Donec sed odio eros. Donec viverra mi quis quam pulvinar at malesuada arcu rhoncus. Cum sociis natoque penatibus et magnis dis parturient montes, nascetur ridiculus mus. In rutrum accumsan ultricies. Mauris vitae nisi at sem facilisis semper ac in est. Donec ut libero sed arcu vehicula ultricies a non tortor. Lorem ipsum dolor sit amet, consectetur adipiscing elit. Aenean ut gravida lorem. Ut turpis felis, pulvinar a semper sed, adipiscing id dolor. Pellentesque auctor nisi id magna consequat sagittis.<\\/p>\"}}', '2016-02-12 22:33:32', '2016-02-12 22:33:32', '28d162a4-46b4-42a7-a7dd-983ff8d006f6'),
 ('25', '2', '1', '1', 'en_us', '9', '', '{\"typeId\":null,\"authorId\":null,\"title\":\"Homepage\",\"slug\":\"homepage\",\"postDate\":1453995042,\"expiryDate\":null,\"enabled\":1,\"parentId\":null,\"fields\":{\"6\":[\"14\",\"12\",\"16\"],\"7\":\"<p>Lorem ipsum dolor sit amet, consectetur adipiscing elit. Donec a diam lectus. Sed sit amet ipsum mauris. Maecenas congue ligula ac quam viverra nec consectetur ante hendrerit. Donec et mollis dolor. Praesent et diam eget libero egestas mattis sit amet vitae augue. Nam tincidunt congue enim, ut porta lorem lacinia consectetur.<\\/p>\\r\\n\\r\\n<p>Donec sed odio eros. Donec viverra mi quis quam pulvinar at malesuada arcu rhoncus. Cum sociis natoque penatibus et magnis dis parturient montes, nascetur ridiculus mus. In rutrum accumsan ultricies. Mauris vitae nisi at sem facilisis semper ac in est. Donec ut libero sed arcu vehicula ultricies a non tortor. Lorem ipsum dolor sit amet, consectetur adipiscing elit. Aenean ut gravida lorem. Ut turpis felis, pulvinar a semper sed, adipiscing id dolor. Pellentesque auctor nisi id magna consequat sagittis.<\\/p>\"}}', '2016-02-12 22:35:24', '2016-02-12 22:35:24', '6639189a-1955-4680-b020-8f2e19cbc8cf'),
 ('26', '6', '3', '1', 'en_us', '3', '', '{\"typeId\":\"3\",\"authorId\":\"1\",\"title\":\"Baseball Cap\",\"slug\":\"baseball-cap\",\"postDate\":1454805000,\"expiryDate\":null,\"enabled\":1,\"parentId\":null,\"fields\":{\"9\":\"small hat.....\",\"8\":\"$20\"}}', '2016-02-12 23:31:07', '2016-02-12 23:31:07', '85c5e49d-fd5e-425f-8f8c-6704e2162a05'),
 ('27', '7', '3', '1', 'en_us', '2', '', '{\"typeId\":\"3\",\"authorId\":\"1\",\"title\":\"Dri-Fit Polo\",\"slug\":\"dri-fit-polo\",\"postDate\":1454804340,\"expiryDate\":null,\"enabled\":1,\"parentId\":null,\"fields\":{\"9\":\"dri fit short sleeve polo with logo\",\"8\":\"$30\"}}', '2016-02-12 23:31:23', '2016-02-12 23:31:23', 'a7951ae7-6e3e-4c86-992f-9a04ae742f04'),
 ('28', '8', '3', '1', 'en_us', '3', '', '{\"typeId\":\"3\",\"authorId\":\"1\",\"title\":\"#MFROFHF Wristbands\",\"slug\":\"mfrofhf-wristbands\",\"postDate\":1454803200,\"expiryDate\":null,\"enabled\":1,\"parentId\":null,\"fields\":{\"9\":\"wristbands.......\",\"8\":\"$5\"}}', '2016-02-12 23:31:35', '2016-02-12 23:31:35', '17b33e63-48b8-4ed5-8ec0-2f825529967c'),
 ('29', '6', '3', '1', 'en_us', '4', '', '{\"typeId\":\"3\",\"authorId\":\"1\",\"title\":\"Baseball Cap\",\"slug\":\"baseball-cap\",\"postDate\":1454805000,\"expiryDate\":null,\"enabled\":1,\"parentId\":null,\"fields\":{\"9\":\"small hat.....\",\"6\":[\"18\"],\"8\":\"$20\"}}', '2016-02-12 23:33:00', '2016-02-12 23:33:00', 'bbc9e06c-6503-405a-9b7c-0501b2b18b71'),
 ('30', '7', '3', '1', 'en_us', '3', '', '{\"typeId\":\"3\",\"authorId\":\"1\",\"title\":\"Dri-Fit Polo\",\"slug\":\"dri-fit-polo\",\"postDate\":1454804340,\"expiryDate\":null,\"enabled\":1,\"parentId\":null,\"fields\":{\"9\":\"dri fit short sleeve polo with logo\",\"6\":[\"12\"],\"8\":\"$30\"}}', '2016-02-12 23:33:09', '2016-02-12 23:33:09', 'b84ae623-04e0-42c3-bf7b-8997fd3d73ed'),
 ('31', '2', '1', '1', 'en_us', '10', '', '{\"typeId\":null,\"authorId\":null,\"title\":\"Homepage\",\"slug\":\"homepage\",\"postDate\":1453995042,\"expiryDate\":null,\"enabled\":1,\"parentId\":null,\"fields\":{\"6\":[\"14\",\"12\",\"16\"],\"10\":\"<p>ipsum dolor sit amet, consectetur adipiscing elit. Donec a diam lectus. Sed sit amet ipsum mauris. Maecenas congue ligula ac quam viverra nec consectetur ante hendrerit. Donec et mollis dolor.<\\/p>\",\"7\":\"<p>Lorem ipsum dolor sit amet, consectetur adipiscing elit. Donec a diam lectus. Sed sit amet ipsum mauris. Maecenas congue ligula ac quam viverra nec consectetur ante hendrerit. Donec et mollis dolor. Praesent et diam eget libero egestas mattis sit amet vitae augue. Nam tincidunt congue enim, ut porta lorem lacinia consectetur.<\\/p>\\r\\n\\r\\n<p>Donec sed odio eros. Donec viverra mi quis quam pulvinar at malesuada arcu rhoncus. Cum sociis natoque penatibus et magnis dis parturient montes, nascetur ridiculus mus. In rutrum accumsan ultricies. Mauris vitae nisi at sem facilisis semper ac in est. Donec ut libero sed arcu vehicula ultricies a non tortor. Lorem ipsum dolor sit amet, consectetur adipiscing elit. Aenean ut gravida lorem. Ut turpis felis, pulvinar a semper sed, adipiscing id dolor. Pellentesque auctor nisi id magna consequat sagittis.<\\/p>\"}}', '2016-02-12 23:36:11', '2016-02-12 23:36:11', '53a90a2d-c1f3-4499-98ef-e1e86aa9675a'),
 ('32', '2', '1', '1', 'en_us', '11', '', '{\"typeId\":null,\"authorId\":null,\"title\":\"Homepage\",\"slug\":\"homepage\",\"postDate\":1453995042,\"expiryDate\":null,\"enabled\":1,\"parentId\":null,\"fields\":{\"6\":[\"14\",\"12\",\"16\"],\"10\":\"<p>Ane&nbsp;ipsum dolor sit amet, consectetur adipiscing elit. Donec a diam lectus. Sed sit amet ipsum mauris. Maecenas congue ligula ac quam viverra nec consectetur ante hendrerit. Donec et mollis dolor.<\\/p>\",\"7\":\"<p>Lorem ipsum dolor sit amet, consectetur adipiscing elit. Donec a diam lectus. Sed sit amet ipsum mauris. Maecenas congue ligula ac quam viverra nec consectetur ante hendrerit. Donec et mollis dolor. Praesent et diam eget libero egestas mattis sit amet vitae augue. Nam tincidunt congue enim, ut porta lorem lacinia consectetur.<\\/p>\\r\\n\\r\\n<p>Donec sed odio eros. Donec viverra mi quis quam pulvinar at malesuada arcu rhoncus. Cum sociis natoque penatibus et magnis dis parturient montes, nascetur ridiculus mus. In rutrum accumsan ultricies. Mauris vitae nisi at sem facilisis semper ac in est. Donec ut libero sed arcu vehicula ultricies a non tortor. Lorem ipsum dolor sit amet, consectetur adipiscing elit. Aenean ut gravida lorem. Ut turpis felis, pulvinar a semper sed, adipiscing id dolor. Pellentesque auctor nisi id magna consequat sagittis.<\\/p>\"}}', '2016-02-12 23:36:54', '2016-02-12 23:36:54', '9a6a192d-4334-48e9-9f2a-51b9f4aa6da3'),
 ('33', '2', '1', '1', 'en_us', '12', '', '{\"typeId\":null,\"authorId\":null,\"title\":\"Homepage\",\"slug\":\"homepage\",\"postDate\":1453995042,\"expiryDate\":null,\"enabled\":1,\"parentId\":null,\"fields\":{\"6\":[\"14\",\"12\",\"16\"],\"10\":\"<p>Ane&nbsp;ipsum dolor sit amet, consectetur adipiscing elit. Donec a diam lectus. Sed sit amet ipsum mauris. Maecenas congue ligula ac quam viverra nec consectetur ante hendrerit. Donec et mollis dolor.<\\/p>\",\"7\":\"<p>Lorem ipsum dolor sit amet, consectetur adipiscing elit. Donec a diam lectus. Sed sit amet ipsum mauris. Maecenas congue ligula ac quam viverra nec consectetur ante hendrerit. Donec et mollis dolor. Praesent et diam eget libero egestas mattis sit amet vitae augue. Nam tincidunt congue enim, ut porta lorem lacinia consectetur.<\\/p>\\r\\n\\r\\n<p>Donec sed odio eros. Donec viverra mi quis quam pulvinar at malesuada arcu rhoncus. Cum sociis natoque penatibus et magnis dis parturient montes, nascetur ridiculus mus. In rutrum accumsan ultricies. Mauris vitae nisi at sem facilisis semper ac in est. Donec ut libero sed arcu vehicula ultricies a non tortor. Lorem ipsum dolor sit amet, consectetur adipiscing elit. Aenean ut gravida lorem. Ut turpis felis, pulvinar a semper sed, adipiscing id dolor. Pellentesque auctor nisi id magna consequat sagittis.<\\/p>\"}}', '2016-02-12 23:37:02', '2016-02-12 23:37:02', 'bb0931a8-5ab2-49cd-81e4-b4f0588e8ea6'),
 ('34', '2', '1', '1', 'en_us', '13', '', '{\"typeId\":null,\"authorId\":null,\"title\":\"Homepage\",\"slug\":\"homepage\",\"postDate\":1453995042,\"expiryDate\":null,\"enabled\":1,\"parentId\":null,\"fields\":{\"12\":\"<p>Lorem ipsum dolor sit amet, consectetur adipiscing elit. Donec a diam lectus. Sed sit amet ipsum mauris. &nbsp;Donec a diam lectus. Sed sit amet ipsum mauris.&nbsp;Donec a diam lectus. Sed sit amet ipsum mauris.&nbsp;Donec a diam lectus. Sed sit amet ipsum mauris.<\\/p><p>Lorem ipsum dolor sit amet, consectetur adipiscing elit. Donec a diam lectus. Sed sit amet ipsum mauris. &nbsp;Donec a diam lectus. Sed sit amet ipsum mauris. &nbsp;Donec a diam lectus. Sed sit amet ipsum mauris.<\\/p><p>Don\'t be ashamed to Reach Out For Help<\\/p>\",\"6\":[\"14\",\"12\",\"16\"],\"10\":\"<p>Ane&nbsp;ipsum dolor sit amet, consectetur adipiscing elit. Donec a diam lectus. Sed sit amet ipsum mauris. Maecenas congue ligula ac quam viverra nec consectetur ante hendrerit. Donec et mollis dolor.<\\/p>\",\"11\":\"317-946-2579\",\"7\":\"<p>Lorem ipsum dolor sit amet, consectetur adipiscing elit. Donec a diam lectus. Sed sit amet ipsum mauris. Maecenas congue ligula ac quam viverra nec consectetur ante hendrerit. Donec et mollis dolor. Praesent et diam eget libero egestas mattis sit amet vitae augue. Nam tincidunt congue enim, ut porta lorem lacinia consectetur.<\\/p>\\r\\n\\r\\n<p>Donec sed odio eros. Donec viverra mi quis quam pulvinar at malesuada arcu rhoncus. Cum sociis natoque penatibus et magnis dis parturient montes, nascetur ridiculus mus. In rutrum accumsan ultricies. Mauris vitae nisi at sem facilisis semper ac in est. Donec ut libero sed arcu vehicula ultricies a non tortor. Lorem ipsum dolor sit amet, consectetur adipiscing elit. Aenean ut gravida lorem. Ut turpis felis, pulvinar a semper sed, adipiscing id dolor. Pellentesque auctor nisi id magna consequat sagittis.<\\/p>\"}}', '2016-02-13 01:38:09', '2016-02-13 01:38:09', '09738015-5e1e-4533-aaed-c700458dc2fe'),
 ('35', '2', '1', '1', 'en_us', '14', '', '{\"typeId\":null,\"authorId\":null,\"title\":\"Homepage\",\"slug\":\"homepage\",\"postDate\":1453995042,\"expiryDate\":null,\"enabled\":1,\"parentId\":null,\"fields\":{\"12\":\"<p>Lorem ipsum dolor sit amet, consectetur adipiscing elit. Donec a diam lectus. Sed sit amet ipsum mauris. &nbsp;Donec a diam lectus. Sed sit amet ipsum mauris.&nbsp;Donec a diam lectus. Sed sit amet ipsum mauris.&nbsp;Donec a diam lectus. Sed sit amet ipsum mauris.<\\/p>\\r\\n\\r\\n<p>Lorem ipsum dolor sit amet, consectetur adipiscing elit. Donec a diam lectus. Sed sit amet ipsum mauris. &nbsp;Donec a diam lectus. Sed sit amet ipsum mauris. &nbsp;Donec a diam lectus. Sed sit amet ipsum mauris.<\\/p>\\r\\n\\r\\n<p>Don\'t be ashamed to Reach Out For Help<\\/p>\",\"6\":[\"14\",\"12\",\"16\"],\"10\":\"<p>Ane&nbsp;ipsum dolor sit amet, consectetur adipiscing elit. Donec a diam lectus. Sed sit amet ipsum mauris. Maecenas congue ligula ac quam viverra nec consectetur ante hendrerit. Donec et mollis dolor.<\\/p>\",\"11\":\"317-946-2579\",\"7\":\"<p>Lorem ipsum dolor sit amet, consectetur adipiscing elit. Donec a diam lectus. Sed sit amet ipsum mauris. Maecenas congue ligula ac quam viverra nec consectetur ante hendrerit. Donec et mollis dolor. Praesent et diam eget libero egestas mattis sit amet vitae augue. Nam tincidunt congue enim, ut porta lorem lacinia consectetur.<\\/p>\\r\\n\\r\\n<p>Donec sed odio eros. Donec viverra mi quis quam pulvinar at malesuada arcu rhoncus. Cum sociis natoque penatibus et magnis dis parturient montes, nascetur ridiculus mus. In rutrum accumsan ultricies. Mauris vitae nisi at sem facilisis semper ac in est. Donec ut libero sed arcu vehicula ultricies a non tortor. Lorem ipsum dolor sit amet, consectetur adipiscing elit. Aenean ut gravida lorem. Ut turpis felis, pulvinar a semper sed, adipiscing id dolor. Pellentesque auctor nisi id magna consequat sagittis.<\\/p>\"}}', '2016-02-13 01:39:01', '2016-02-13 01:39:01', '6e95b29a-7efd-4354-aed2-1e1ab9cadca3'),
 ('36', '2', '1', '1', 'en_us', '15', '', '{\"typeId\":null,\"authorId\":null,\"title\":\"Homepage\",\"slug\":\"homepage\",\"postDate\":1453995042,\"expiryDate\":null,\"enabled\":1,\"parentId\":null,\"fields\":{\"14\":\"Indianapolis, IN  46203\",\"12\":\"<p>Lorem ipsum dolor sit amet, consectetur adipiscing elit. Donec a diam lectus. Sed sit amet ipsum mauris. &nbsp;Donec a diam lectus. Sed sit amet ipsum mauris.&nbsp;Donec a diam lectus. Sed sit amet ipsum mauris.&nbsp;Donec a diam lectus. Sed sit amet ipsum mauris.<\\/p>\\r\\n\\r\\n<p>Lorem ipsum dolor sit amet, consectetur adipiscing elit. Donec a diam lectus. Sed sit amet ipsum mauris. &nbsp;Donec a diam lectus. Sed sit amet ipsum mauris. &nbsp;Donec a diam lectus. Sed sit amet ipsum mauris.<\\/p>\\r\\n\\r\\n\\r\\n\\r\\n<p>Don\'t be ashamed to Reach Out For Help<\\/p>\",\"6\":[\"14\",\"12\",\"16\"],\"10\":\"<p>Ane&nbsp;ipsum dolor sit amet, consectetur adipiscing elit. Donec a diam lectus. Sed sit amet ipsum mauris. Maecenas congue ligula ac quam viverra nec consectetur ante hendrerit. Donec et mollis dolor.<\\/p>\",\"11\":\"317-946-2579\",\"13\":\"PO Box 148\",\"7\":\"<p>Lorem ipsum dolor sit amet, consectetur adipiscing elit. Donec a diam lectus. Sed sit amet ipsum mauris. Maecenas congue ligula ac quam viverra nec consectetur ante hendrerit. Donec et mollis dolor. Praesent et diam eget libero egestas mattis sit amet vitae augue. Nam tincidunt congue enim, ut porta lorem lacinia consectetur.<\\/p>\\r\\n\\r\\n<p>Donec sed odio eros. Donec viverra mi quis quam pulvinar at malesuada arcu rhoncus. Cum sociis natoque penatibus et magnis dis parturient montes, nascetur ridiculus mus. In rutrum accumsan ultricies. Mauris vitae nisi at sem facilisis semper ac in est. Donec ut libero sed arcu vehicula ultricies a non tortor. Lorem ipsum dolor sit amet, consectetur adipiscing elit. Aenean ut gravida lorem. Ut turpis felis, pulvinar a semper sed, adipiscing id dolor. Pellentesque auctor nisi id magna consequat sagittis.<\\/p>\"}}', '2016-02-13 01:41:45', '2016-02-13 01:41:45', 'c9f63938-95b6-44b9-a9fd-52a432a4cd96'),
 ('37', '2', '1', '1', 'en_us', '16', '', '{\"typeId\":null,\"authorId\":null,\"title\":\"Homepage\",\"slug\":\"homepage\",\"postDate\":1453995042,\"expiryDate\":null,\"enabled\":1,\"parentId\":null,\"fields\":{\"15\":\"PO Box 148\\r\\nIndianapolis, IN 46203\",\"12\":\"<p>Lorem ipsum dolor sit amet, consectetur adipiscing elit. Donec a diam lectus. Sed sit amet ipsum mauris. &nbsp;Donec a diam lectus. Sed sit amet ipsum mauris.&nbsp;Donec a diam lectus. Sed sit amet ipsum mauris.&nbsp;Donec a diam lectus. Sed sit amet ipsum mauris.<\\/p>\\r\\n\\r\\n<p>Lorem ipsum dolor sit amet, consectetur adipiscing elit. Donec a diam lectus. Sed sit amet ipsum mauris. &nbsp;Donec a diam lectus. Sed sit amet ipsum mauris. &nbsp;Donec a diam lectus. Sed sit amet ipsum mauris.<\\/p>\\r\\n\\r\\n\\r\\n\\r\\n\\r\\n\\r\\n<p>Don\'t be ashamed to Reach Out For Help<\\/p>\",\"6\":[\"14\",\"12\",\"16\"],\"10\":\"<p>Ane&nbsp;ipsum dolor sit amet, consectetur adipiscing elit. Donec a diam lectus. Sed sit amet ipsum mauris. Maecenas congue ligula ac quam viverra nec consectetur ante hendrerit. Donec et mollis dolor.<\\/p>\",\"11\":\"317-946-2579\",\"7\":\"<p>Lorem ipsum dolor sit amet, consectetur adipiscing elit. Donec a diam lectus. Sed sit amet ipsum mauris. Maecenas congue ligula ac quam viverra nec consectetur ante hendrerit. Donec et mollis dolor. Praesent et diam eget libero egestas mattis sit amet vitae augue. Nam tincidunt congue enim, ut porta lorem lacinia consectetur.<\\/p>\\r\\n\\r\\n<p>Donec sed odio eros. Donec viverra mi quis quam pulvinar at malesuada arcu rhoncus. Cum sociis natoque penatibus et magnis dis parturient montes, nascetur ridiculus mus. In rutrum accumsan ultricies. Mauris vitae nisi at sem facilisis semper ac in est. Donec ut libero sed arcu vehicula ultricies a non tortor. Lorem ipsum dolor sit amet, consectetur adipiscing elit. Aenean ut gravida lorem. Ut turpis felis, pulvinar a semper sed, adipiscing id dolor. Pellentesque auctor nisi id magna consequat sagittis.<\\/p>\"}}', '2016-02-13 01:42:59', '2016-02-13 01:42:59', '5b659c37-7c58-4aff-9176-c69c983d5fe0'),
 ('38', '2', '1', '1', 'en_us', '17', '', '{\"typeId\":null,\"authorId\":null,\"title\":\"Homepage\",\"slug\":\"homepage\",\"postDate\":1453995042,\"expiryDate\":null,\"enabled\":1,\"parentId\":null,\"fields\":{\"15\":\"<p>PO Box 148<br>Indianapolis, IN 46203<\\/p>\",\"12\":\"<p>Lorem ipsum dolor sit amet, consectetur adipiscing elit. Donec a diam lectus. Sed sit amet ipsum mauris. &nbsp;Donec a diam lectus. Sed sit amet ipsum mauris.&nbsp;Donec a diam lectus. Sed sit amet ipsum mauris.&nbsp;Donec a diam lectus. Sed sit amet ipsum mauris.<\\/p>\\r\\n\\r\\n<p>Lorem ipsum dolor sit amet, consectetur adipiscing elit. Donec a diam lectus. Sed sit amet ipsum mauris. &nbsp;Donec a diam lectus. Sed sit amet ipsum mauris. &nbsp;Donec a diam lectus. Sed sit amet ipsum mauris.<\\/p>\\r\\n\\r\\n\\r\\n\\r\\n\\r\\n\\r\\n\\r\\n\\r\\n<p>Don\'t be ashamed to Reach Out For Help<\\/p>\",\"6\":[\"14\",\"12\",\"16\"],\"10\":\"<p>Ane&nbsp;ipsum dolor sit amet, consectetur adipiscing elit. Donec a diam lectus. Sed sit amet ipsum mauris. Maecenas congue ligula ac quam viverra nec consectetur ante hendrerit. Donec et mollis dolor.<\\/p>\",\"11\":\"317-946-2579\",\"7\":\"<p>Lorem ipsum dolor sit amet, consectetur adipiscing elit. Donec a diam lectus. Sed sit amet ipsum mauris. Maecenas congue ligula ac quam viverra nec consectetur ante hendrerit. Donec et mollis dolor. Praesent et diam eget libero egestas mattis sit amet vitae augue. Nam tincidunt congue enim, ut porta lorem lacinia consectetur.<\\/p>\\r\\n\\r\\n<p>Donec sed odio eros. Donec viverra mi quis quam pulvinar at malesuada arcu rhoncus. Cum sociis natoque penatibus et magnis dis parturient montes, nascetur ridiculus mus. In rutrum accumsan ultricies. Mauris vitae nisi at sem facilisis semper ac in est. Donec ut libero sed arcu vehicula ultricies a non tortor. Lorem ipsum dolor sit amet, consectetur adipiscing elit. Aenean ut gravida lorem. Ut turpis felis, pulvinar a semper sed, adipiscing id dolor. Pellentesque auctor nisi id magna consequat sagittis.<\\/p>\"}}', '2016-02-13 01:43:52', '2016-02-13 01:43:52', 'b099e3f6-ced9-4aad-ac85-9f498ef11bc7'),
 ('39', '2', '1', '1', 'en_us', '18', '', '{\"typeId\":null,\"authorId\":null,\"title\":\"Homepage\",\"slug\":\"homepage\",\"postDate\":1453995042,\"expiryDate\":null,\"enabled\":1,\"parentId\":null,\"fields\":{\"15\":\"<p>PO Box 148<br>Indianapolis, IN 46203<\\/p>\",\"12\":\"<p>Lorem ipsum dolor sit amet, consectetur adipiscing elit. Donec a diam lectus. Sed sit amet ipsum mauris. &nbsp;Donec a diam lectus. Sed sit amet ipsum mauris.&nbsp;Donec a diam lectus. Sed sit amet ipsum mauris.&nbsp;Donec a diam lectus. Sed sit amet ipsum mauris.<\\/p>\\r\\n\\r\\n<p>Lorem ipsum dolor sit amet, consectetur adipiscing elit. Donec a diam lectus. Sed sit amet ipsum mauris. &nbsp;Donec a diam lectus. Sed sit amet ipsum mauris. &nbsp;Donec a diam lectus. Sed sit amet ipsum mauris.<\\/p>\\r\\n\\r\\n\\r\\n\\r\\n\\r\\n\\r\\n\\r\\n\\r\\n\\r\\n\\r\\n<p>Don\'t be ashamed to Reach Out For Help<\\/p>\",\"6\":[\"14\",\"12\",\"16\"],\"10\":\"<p>Ane&nbsp;ipsum dolor sit amet, consectetur adipiscing elit. Donec a diam lectus. Sed sit amet ipsum mauris. Maecenas congue ligula ac quam viverra nec consectetur ante hendrerit. Donec et mollis dolor.<\\/p>\",\"11\":\"317-946-2579\",\"7\":\"<p>Lorem ipsum dolor sit amet, consectetur adipiscing elit. Donec a diam lectus. Sed sit amet ipsum mauris. Maecenas congue ligula ac quam viverra nec consectetur ante hendrerit. Donec et mollis dolor. Praesent et diam eget libero egestas mattis sit amet vitae augue. Nam tincidunt congue enim, ut porta lorem lacinia consectetur.<\\/p>\\r\\n\\r\\n<p>Donec sed odio eros. Donec viverra mi quis quam pulvinar at malesuada arcu rhoncus. Cum sociis natoque penatibus et magnis dis parturient montes, nascetur ridiculus mus. In rutrum accumsan ultricies. Mauris vitae nisi at sem facilisis semper ac in est. Donec ut libero sed arcu vehicula ultricies a non tortor. Lorem ipsum dolor sit amet, consectetur adipiscing elit. Aenean ut gravida lorem. Ut turpis felis, pulvinar a semper sed, adipiscing id dolor. Pellentesque auctor nisi id magna consequat sagittis.<\\/p>\"}}', '2016-02-13 01:45:26', '2016-02-13 01:45:26', '8da65ce0-8715-4640-abe1-0cd6445bb394'),
 ('40', '2', '1', '1', 'en_us', '19', '', '{\"typeId\":null,\"authorId\":null,\"title\":\"Homepage\",\"slug\":\"homepage\",\"postDate\":1453995042,\"expiryDate\":null,\"enabled\":1,\"parentId\":null,\"fields\":{\"15\":\"PO Box 148ndianapolis, IN 46203<\\/p>\",\"12\":\"<p>Lorem ipsum dolor sit amet, consectetur adipiscing elit. Donec a diam lectus. Sed sit amet ipsum mauris. &nbsp;Donec a diam lectus. Sed sit amet ipsum mauris.&nbsp;Donec a diam lectus. Sed sit amet ipsum mauris.&nbsp;Donec a diam lectus. Sed sit amet ipsum mauris.<\\/p>\\r\\n\\r\\n<p>Lorem ipsum dolor sit amet, consectetur adipiscing elit. Donec a diam lectus. Sed sit amet ipsum mauris. &nbsp;Donec a diam lectus. Sed sit amet ipsum mauris. &nbsp;Donec a diam lectus. Sed sit amet ipsum mauris.<\\/p>\\r\\n\\r\\n\\r\\n\\r\\n\\r\\n\\r\\n\\r\\n\\r\\n\\r\\n\\r\\n\\r\\n\\r\\n<p>Don\'t be ashamed to Reach Out For Help<\\/p>\",\"6\":[\"14\",\"12\",\"16\"],\"10\":\"<p>Ane&nbsp;ipsum dolor sit amet, consectetur adipiscing elit. Donec a diam lectus. Sed sit amet ipsum mauris. Maecenas congue ligula ac quam viverra nec consectetur ante hendrerit. Donec et mollis dolor.<\\/p>\",\"11\":\"317-946-2579\",\"7\":\"<p>Lorem ipsum dolor sit amet, consectetur adipiscing elit. Donec a diam lectus. Sed sit amet ipsum mauris. Maecenas congue ligula ac quam viverra nec consectetur ante hendrerit. Donec et mollis dolor. Praesent et diam eget libero egestas mattis sit amet vitae augue. Nam tincidunt congue enim, ut porta lorem lacinia consectetur.<\\/p>\\r\\n\\r\\n<p>Donec sed odio eros. Donec viverra mi quis quam pulvinar at malesuada arcu rhoncus. Cum sociis natoque penatibus et magnis dis parturient montes, nascetur ridiculus mus. In rutrum accumsan ultricies. Mauris vitae nisi at sem facilisis semper ac in est. Donec ut libero sed arcu vehicula ultricies a non tortor. Lorem ipsum dolor sit amet, consectetur adipiscing elit. Aenean ut gravida lorem. Ut turpis felis, pulvinar a semper sed, adipiscing id dolor. Pellentesque auctor nisi id magna consequat sagittis.<\\/p>\"}}', '2016-02-13 01:46:12', '2016-02-13 01:46:12', 'ac5a7983-412d-4eae-b73c-23cc1395e1eb'),
 ('41', '2', '1', '1', 'en_us', '20', '', '{\"typeId\":null,\"authorId\":null,\"title\":\"Homepage\",\"slug\":\"homepage\",\"postDate\":1453995042,\"expiryDate\":null,\"enabled\":1,\"parentId\":null,\"fields\":{\"15\":\"PO Box 148 <\\/br> Indianapolis, IN 46203\",\"12\":\"<p>Lorem ipsum dolor sit amet, consectetur adipiscing elit. Donec a diam lectus. Sed sit amet ipsum mauris. &nbsp;Donec a diam lectus. Sed sit amet ipsum mauris.&nbsp;Donec a diam lectus. Sed sit amet ipsum mauris.&nbsp;Donec a diam lectus. Sed sit amet ipsum mauris.<\\/p>\\r\\n\\r\\n<p>Lorem ipsum dolor sit amet, consectetur adipiscing elit. Donec a diam lectus. Sed sit amet ipsum mauris. &nbsp;Donec a diam lectus. Sed sit amet ipsum mauris. &nbsp;Donec a diam lectus. Sed sit amet ipsum mauris.<\\/p>\\r\\n\\r\\n\\r\\n\\r\\n\\r\\n\\r\\n\\r\\n\\r\\n\\r\\n\\r\\n\\r\\n\\r\\n\\r\\n\\r\\n<p>Don\'t be ashamed to Reach Out For Help<\\/p>\",\"6\":[\"14\",\"12\",\"16\"],\"10\":\"<p>Ane&nbsp;ipsum dolor sit amet, consectetur adipiscing elit. Donec a diam lectus. Sed sit amet ipsum mauris. Maecenas congue ligula ac quam viverra nec consectetur ante hendrerit. Donec et mollis dolor.<\\/p>\",\"11\":\"317-946-2579\",\"7\":\"<p>Lorem ipsum dolor sit amet, consectetur adipiscing elit. Donec a diam lectus. Sed sit amet ipsum mauris. Maecenas congue ligula ac quam viverra nec consectetur ante hendrerit. Donec et mollis dolor. Praesent et diam eget libero egestas mattis sit amet vitae augue. Nam tincidunt congue enim, ut porta lorem lacinia consectetur.<\\/p>\\r\\n\\r\\n<p>Donec sed odio eros. Donec viverra mi quis quam pulvinar at malesuada arcu rhoncus. Cum sociis natoque penatibus et magnis dis parturient montes, nascetur ridiculus mus. In rutrum accumsan ultricies. Mauris vitae nisi at sem facilisis semper ac in est. Donec ut libero sed arcu vehicula ultricies a non tortor. Lorem ipsum dolor sit amet, consectetur adipiscing elit. Aenean ut gravida lorem. Ut turpis felis, pulvinar a semper sed, adipiscing id dolor. Pellentesque auctor nisi id magna consequat sagittis.<\\/p>\"}}', '2016-02-13 01:46:31', '2016-02-13 01:46:31', '0dd8c9df-2076-43cc-9263-b18ea234206a'),
 ('42', '2', '1', '1', 'en_us', '21', '', '{\"typeId\":null,\"authorId\":null,\"title\":\"Homepage\",\"slug\":\"homepage\",\"postDate\":1453995042,\"expiryDate\":null,\"enabled\":1,\"parentId\":null,\"fields\":{\"15\":\"PO Box 148\\r\\nIndianapolis, IN 46203\",\"12\":\"<p>Lorem ipsum dolor sit amet, consectetur adipiscing elit. Donec a diam lectus. Sed sit amet ipsum mauris. &nbsp;Donec a diam lectus. Sed sit amet ipsum mauris.&nbsp;Donec a diam lectus. Sed sit amet ipsum mauris.&nbsp;Donec a diam lectus. Sed sit amet ipsum mauris.<\\/p>\\r\\n\\r\\n<p>Lorem ipsum dolor sit amet, consectetur adipiscing elit. Donec a diam lectus. Sed sit amet ipsum mauris. &nbsp;Donec a diam lectus. Sed sit amet ipsum mauris. &nbsp;Donec a diam lectus. Sed sit amet ipsum mauris.<\\/p>\\r\\n\\r\\n\\r\\n\\r\\n\\r\\n\\r\\n\\r\\n\\r\\n\\r\\n\\r\\n\\r\\n\\r\\n\\r\\n\\r\\n\\r\\n\\r\\n<p>Don\'t be ashamed to Reach Out For Help<\\/p>\",\"6\":[\"14\",\"12\",\"16\"],\"10\":\"<p>Ane&nbsp;ipsum dolor sit amet, consectetur adipiscing elit. Donec a diam lectus. Sed sit amet ipsum mauris. Maecenas congue ligula ac quam viverra nec consectetur ante hendrerit. Donec et mollis dolor.<\\/p>\",\"11\":\"317-946-2579\",\"7\":\"<p>Lorem ipsum dolor sit amet, consectetur adipiscing elit. Donec a diam lectus. Sed sit amet ipsum mauris. Maecenas congue ligula ac quam viverra nec consectetur ante hendrerit. Donec et mollis dolor. Praesent et diam eget libero egestas mattis sit amet vitae augue. Nam tincidunt congue enim, ut porta lorem lacinia consectetur.<\\/p>\\r\\n\\r\\n<p>Donec sed odio eros. Donec viverra mi quis quam pulvinar at malesuada arcu rhoncus. Cum sociis natoque penatibus et magnis dis parturient montes, nascetur ridiculus mus. In rutrum accumsan ultricies. Mauris vitae nisi at sem facilisis semper ac in est. Donec ut libero sed arcu vehicula ultricies a non tortor. Lorem ipsum dolor sit amet, consectetur adipiscing elit. Aenean ut gravida lorem. Ut turpis felis, pulvinar a semper sed, adipiscing id dolor. Pellentesque auctor nisi id magna consequat sagittis.<\\/p>\"}}', '2016-02-13 01:49:07', '2016-02-13 01:49:07', 'ca799130-5f0e-4c68-82d2-99cfc45bce90'),
 ('43', '2', '1', '1', 'en_us', '22', '', '{\"typeId\":null,\"authorId\":null,\"title\":\"Homepage\",\"slug\":\"homepage\",\"postDate\":1453995042,\"expiryDate\":null,\"enabled\":1,\"parentId\":null,\"fields\":{\"15\":\"<p>PO Box 148<\\/p><p>Indianapolis, IN 46203<\\/p>\",\"12\":\"<p>Lorem ipsum dolor sit amet, consectetur adipiscing elit. Donec a diam lectus. Sed sit amet ipsum mauris. &nbsp;Donec a diam lectus. Sed sit amet ipsum mauris.&nbsp;Donec a diam lectus. Sed sit amet ipsum mauris.&nbsp;Donec a diam lectus. Sed sit amet ipsum mauris.<\\/p>\\r\\n\\r\\n<p>Lorem ipsum dolor sit amet, consectetur adipiscing elit. Donec a diam lectus. Sed sit amet ipsum mauris. &nbsp;Donec a diam lectus. Sed sit amet ipsum mauris. &nbsp;Donec a diam lectus. Sed sit amet ipsum mauris.<\\/p>\\r\\n\\r\\n\\r\\n\\r\\n\\r\\n\\r\\n\\r\\n\\r\\n\\r\\n\\r\\n\\r\\n\\r\\n\\r\\n\\r\\n\\r\\n\\r\\n\\r\\n\\r\\n<p>Don\'t be ashamed to Reach Out For Help<\\/p>\",\"6\":[\"14\",\"12\",\"16\"],\"10\":\"<p>Ane&nbsp;ipsum dolor sit amet, consectetur adipiscing elit. Donec a diam lectus. Sed sit amet ipsum mauris. Maecenas congue ligula ac quam viverra nec consectetur ante hendrerit. Donec et mollis dolor.<\\/p>\",\"11\":\"317-946-2579\",\"7\":\"<p>Lorem ipsum dolor sit amet, consectetur adipiscing elit. Donec a diam lectus. Sed sit amet ipsum mauris. Maecenas congue ligula ac quam viverra nec consectetur ante hendrerit. Donec et mollis dolor. Praesent et diam eget libero egestas mattis sit amet vitae augue. Nam tincidunt congue enim, ut porta lorem lacinia consectetur.<\\/p>\\r\\n\\r\\n<p>Donec sed odio eros. Donec viverra mi quis quam pulvinar at malesuada arcu rhoncus. Cum sociis natoque penatibus et magnis dis parturient montes, nascetur ridiculus mus. In rutrum accumsan ultricies. Mauris vitae nisi at sem facilisis semper ac in est. Donec ut libero sed arcu vehicula ultricies a non tortor. Lorem ipsum dolor sit amet, consectetur adipiscing elit. Aenean ut gravida lorem. Ut turpis felis, pulvinar a semper sed, adipiscing id dolor. Pellentesque auctor nisi id magna consequat sagittis.<\\/p>\"}}', '2016-02-13 01:49:58', '2016-02-13 01:49:58', 'f80cb197-9e48-454a-af57-f0f418a7268e'),
 ('44', '2', '1', '1', 'en_us', '23', '', '{\"typeId\":null,\"authorId\":null,\"title\":\"Homepage\",\"slug\":\"homepage\",\"postDate\":1453995042,\"expiryDate\":null,\"enabled\":1,\"parentId\":null,\"fields\":{\"15\":\"<p>PO Box 148<\\/p>\\r\\n\\r\\n<p>Indianapolis, IN 46203<\\/p>\",\"12\":\"<p>Lorem ipsum dolor sit amet, consectetur adipiscing elit. Donec a diam lectus. Sed sit amet ipsum mauris. &nbsp;Donec a diam lectus. Sed sit amet ipsum mauris.&nbsp;Donec a diam lectus. Sed sit amet ipsum mauris.&nbsp;Donec a diam lectus. Sed sit amet ipsum mauris.<\\/p>\\r\\n\\r\\n<p>Lorem ipsum dolor sit amet, consectetur adipiscing elit. Donec a diam lectus. Sed sit amet ipsum mauris. &nbsp;Donec a diam lectus. Sed sit amet ipsum mauris. &nbsp;Donec a diam lectus. Sed sit amet ipsum mauris.<\\/p>\\r\\n\\r\\n\\r\\n\\r\\n\\r\\n\\r\\n\\r\\n\\r\\n\\r\\n\\r\\n\\r\\n\\r\\n\\r\\n\\r\\n\\r\\n\\r\\n\\r\\n\\r\\n\\r\\n\\r\\n<p>Don\'t be ashamed to Reach Out For Help<\\/p>\",\"6\":[\"14\",\"16\"],\"10\":\"<p>Ane&nbsp;ipsum dolor sit amet, consectetur adipiscing elit. Donec a diam lectus. Sed sit amet ipsum mauris. Maecenas congue ligula ac quam viverra nec consectetur ante hendrerit. Donec et mollis dolor.<\\/p>\",\"11\":\"317-946-2579\",\"7\":\"<p>Lorem ipsum dolor sit amet, consectetur adipiscing elit. Donec a diam lectus. Sed sit amet ipsum mauris. Maecenas congue ligula ac quam viverra nec consectetur ante hendrerit. Donec et mollis dolor. Praesent et diam eget libero egestas mattis sit amet vitae augue. Nam tincidunt congue enim, ut porta lorem lacinia consectetur.<\\/p>\\r\\n\\r\\n<p>Donec sed odio eros. Donec viverra mi quis quam pulvinar at malesuada arcu rhoncus. Cum sociis natoque penatibus et magnis dis parturient montes, nascetur ridiculus mus. In rutrum accumsan ultricies. Mauris vitae nisi at sem facilisis semper ac in est. Donec ut libero sed arcu vehicula ultricies a non tortor. Lorem ipsum dolor sit amet, consectetur adipiscing elit. Aenean ut gravida lorem. Ut turpis felis, pulvinar a semper sed, adipiscing id dolor. Pellentesque auctor nisi id magna consequat sagittis.<\\/p>\"}}', '2016-02-13 03:19:48', '2016-02-13 03:19:48', '6be299db-f720-41ee-8be0-18e9120c4765'),
 ('45', '2', '1', '1', 'en_us', '24', '', '{\"typeId\":null,\"authorId\":null,\"title\":\"Homepage\",\"slug\":\"homepage\",\"postDate\":1453995042,\"expiryDate\":null,\"enabled\":1,\"parentId\":null,\"fields\":{\"15\":\"<p>PO Box 148<del><\\/del><\\/p><p><del><\\/del>Indianapolis, IN 46203<\\/p>\",\"12\":\"<p>Lorem ipsum dolor sit amet, consectetur adipiscing elit. Donec a diam lectus. Sed sit amet ipsum mauris. Donec a diam lectus. Sed sit amet ipsum mauris.&nbsp;Donec a diam lectus. Sed sit amet ipsum mauris.&nbsp;Donec a diam lectus. Sed sit amet ipsum mauris.<\\/p>\\r\\n\\r\\n<p>Lorem ipsum dolor sit amet, consectetur adipiscing elit. Donec a diam lectus. Sed sit amet ipsum mauris. Donec a diam lectus. Sed sit amet ipsum mauris.&nbsp;Donec a diam lectus. Sed sit amet ipsum mauris.<\\/p>\\r\\n\\r\\n\\r\\n\\r\\n\\r\\n\\r\\n\\r\\n\\r\\n\\r\\n\\r\\n\\r\\n\\r\\n\\r\\n\\r\\n\\r\\n\\r\\n\\r\\n\\r\\n\\r\\n\\r\\n\\r\\n\\r\\n<p>Don\'t be ashamed to Reach Out For Help<\\/p>\",\"6\":[\"14\",\"16\"],\"10\":\"<p>Ane&nbsp;ipsum dolor sit amet, consectetur adipiscing elit. Donec a diam lectus. Sed sit amet ipsum mauris. Maecenas congue ligula ac quam viverra nec consectetur ante hendrerit. Donec et mollis dolor.<\\/p>\",\"11\":\"317-946-2579\",\"7\":\"<p>Lorem ipsum dolor sit amet, consectetur adipiscing elit. Donec a diam lectus. Sed sit amet ipsum mauris. Maecenas congue ligula ac quam viverra nec consectetur ante hendrerit. Donec et mollis dolor. Praesent et diam eget libero egestas mattis sit amet vitae augue. Nam tincidunt congue enim, ut porta lorem lacinia consectetur.<\\/p>\\r\\n\\r\\n<p>Donec sed odio eros. Donec viverra mi quis quam pulvinar at malesuada arcu rhoncus. Cum sociis natoque penatibus et magnis dis parturient montes, nascetur ridiculus mus. In rutrum accumsan ultricies. Mauris vitae nisi at sem facilisis semper ac in est. Donec ut libero sed arcu vehicula ultricies a non tortor. Lorem ipsum dolor sit amet, consectetur adipiscing elit. Aenean ut gravida lorem. Ut turpis felis, pulvinar a semper sed, adipiscing id dolor. Pellentesque auctor nisi id magna consequat sagittis.<\\/p>\"}}', '2016-02-13 03:28:31', '2016-02-13 03:28:31', 'ea98f7d4-f9d5-4579-92dc-730040b5f73f'),
 ('46', '8', '3', '1', 'en_us', '4', '', '{\"typeId\":\"3\",\"authorId\":\"1\",\"title\":\"#MFROFHF Wristbands\",\"slug\":\"mfrofhf-wristbands\",\"postDate\":1454803200,\"expiryDate\":null,\"enabled\":1,\"parentId\":null,\"fields\":{\"9\":\"wristbands.......\",\"6\":[\"18\"],\"8\":\"$5\"}}', '2016-02-13 03:34:58', '2016-02-13 03:34:58', '979f34a7-ebb6-4b34-ae21-9f0e8f984921'),
 ('47', '6', '3', '1', 'en_us', '5', '', '{\"typeId\":\"3\",\"authorId\":\"1\",\"title\":\"Baseball Cap\",\"slug\":\"baseball-cap\",\"postDate\":1454805000,\"expiryDate\":null,\"enabled\":1,\"parentId\":null,\"fields\":{\"9\":\"small hat.....\",\"6\":[\"18\"],\"17\":\"baseballCap\",\"8\":\"$20\"}}', '2016-02-14 05:38:33', '2016-02-14 05:38:33', 'c546e97a-123e-4aaa-bfea-2a7fc0f64d49'),
 ('48', '7', '3', '1', 'en_us', '4', '', '{\"typeId\":\"3\",\"authorId\":\"1\",\"title\":\"Dri-Fit Polo\",\"slug\":\"dri-fit-polo\",\"postDate\":1454804340,\"expiryDate\":null,\"enabled\":1,\"parentId\":null,\"fields\":{\"9\":\"dri fit short sleeve polo with logo\",\"6\":[\"12\"],\"17\":\"polo\",\"8\":\"$30\"}}', '2016-02-14 05:38:42', '2016-02-14 05:38:42', '18832927-464c-4bb9-9625-eacf3fab4b6a'),
 ('49', '8', '3', '1', 'en_us', '5', '', '{\"typeId\":\"3\",\"authorId\":\"1\",\"title\":\"#MFROFHF Wristbands\",\"slug\":\"mfrofhf-wristbands\",\"postDate\":1454803200,\"expiryDate\":null,\"enabled\":1,\"parentId\":null,\"fields\":{\"9\":\"wristbands.......\",\"6\":[\"18\"],\"17\":\"wristbands\",\"8\":\"$5\"}}', '2016-02-14 05:38:50', '2016-02-14 05:38:50', 'd611ff66-19f3-4312-8509-0c424016d2c0'),
 ('50', '7', '3', '1', 'en_us', '5', '', '{\"typeId\":\"3\",\"authorId\":\"1\",\"title\":\"Dri-Fit Polo\",\"slug\":\"dri-fit-polo\",\"postDate\":1454804340,\"expiryDate\":null,\"enabled\":1,\"parentId\":null,\"fields\":{\"9\":\"Lorem ipsum dolor sit amet, consectetur adipiscing elit. Donec a diam lectus. Sed sit amet ipsum mauris. Maecenas congue ligula ac quam viverra nec consectetur ante hendrerit.\",\"6\":[\"12\"],\"17\":\"polo\",\"8\":\"$30\"}}', '2016-02-14 05:39:54', '2016-02-14 05:39:54', 'f810edd7-b933-4f9d-a299-964d99b22a1c'),
 ('51', '6', '3', '1', 'en_us', '6', '', '{\"typeId\":\"3\",\"authorId\":\"1\",\"title\":\"Baseball Cap\",\"slug\":\"baseball-cap\",\"postDate\":1454805000,\"expiryDate\":null,\"enabled\":1,\"parentId\":null,\"fields\":{\"9\":\"Lorem ipsum dolor sit amet, consectetur adipiscing elit. Maecenas congue ligula ac quam viverra nec consectetur ante hendrerit.\",\"6\":[\"18\"],\"17\":\"baseballCap\",\"8\":\"$20\"}}', '2016-02-14 05:40:17', '2016-02-14 05:40:17', 'afded9bb-7b0e-47c2-af67-067003c73058'),
 ('52', '8', '3', '1', 'en_us', '6', '', '{\"typeId\":\"3\",\"authorId\":\"1\",\"title\":\"#MFROFHF Wristbands\",\"slug\":\"mfrofhf-wristbands\",\"postDate\":1454803200,\"expiryDate\":null,\"enabled\":1,\"parentId\":null,\"fields\":{\"9\":\"Lorem ipsum dolor sit amet, consectetur adipiscing elit. Donec a diam lectus. Sed sit amet ipsum mauris. \",\"6\":[\"18\"],\"17\":\"wristbands\",\"8\":\"$5\"}}', '2016-02-14 05:40:28', '2016-02-14 05:40:28', 'bb103925-5d61-4f14-892d-469c17f3e574'),
 ('53', '7', '3', '1', 'en_us', '6', '', '{\"typeId\":\"3\",\"authorId\":\"1\",\"title\":\"Dri-Fit Polo\",\"slug\":\"dri-fit-polo\",\"postDate\":1454804340,\"expiryDate\":null,\"enabled\":1,\"parentId\":null,\"fields\":{\"9\":\"<p>Lorem ipsum dolor sit amet, consectetur adipiscing elit. Donec a diam lectus. Sed sit amet ipsum mauris. Maecenas congue ligula ac quam viverra nec consectetur ante hendrerit. <strong>Great for Golf!<\\/strong><\\/p>\",\"6\":[\"12\"],\"17\":\"polo\",\"8\":\"$30\"}}', '2016-02-14 05:58:09', '2016-02-14 05:58:09', '54f2a29d-d0f8-4350-ba4b-ea9f9971f499'),
 ('54', '7', '3', '1', 'en_us', '7', '', '{\"typeId\":\"3\",\"authorId\":\"1\",\"title\":\"Dri-Fit Polo\",\"slug\":\"dri-fit-polo\",\"postDate\":1454804340,\"expiryDate\":null,\"enabled\":1,\"parentId\":null,\"fields\":{\"9\":\"<p>Lorem ipsum dolor sit amet, consectetur adipiscing elit. Donec a diam lectus. Sed sit amet ipsum mauris. Maecenas congue ligula ac quam viverra nec consectetur ante hendrerit. <strong>Great for Golf!<\\/strong><\\/p>\",\"6\":[\"12\"],\"17\":\"polo\",\"8\":\"$30\"}}', '2016-02-14 22:25:21', '2016-02-14 22:25:21', '6cc46a2b-7cfa-4838-8841-548a25586c5f'),
 ('55', '6', '3', '1', 'en_us', '7', '', '{\"typeId\":\"3\",\"authorId\":\"1\",\"title\":\"Baseball Cap\",\"slug\":\"baseball-cap\",\"postDate\":1454805000,\"expiryDate\":null,\"enabled\":1,\"parentId\":null,\"fields\":{\"9\":\"<p>Lorem ipsum dolor sit amet, consectetur adipiscing elit. Maecenas congue ligula ac quam viverra nec consectetur ante hendrerit.<\\/p>\",\"6\":[\"18\"],\"17\":\"baseballCap\",\"8\":\"$20\"}}', '2016-02-14 22:32:51', '2016-02-14 22:32:51', 'd1aa4c9a-fa2f-441b-999f-06398ebc1fdd'),
 ('56', '8', '3', '1', 'en_us', '7', '', '{\"typeId\":\"3\",\"authorId\":\"1\",\"title\":\"#MFROFHF Wristbands\",\"slug\":\"mfrofhf-wristbands\",\"postDate\":1454803200,\"expiryDate\":null,\"enabled\":1,\"parentId\":null,\"fields\":{\"9\":\"<p>Lorem ipsum dolor sit amet, consectetur adipiscing elit. Donec a diam lectus. Sed sit amet ipsum mauris.<\\/p>\",\"6\":[\"18\"],\"17\":\"wristbands\",\"8\":\"$5\"}}', '2016-02-14 22:33:01', '2016-02-14 22:33:01', '3bcd2387-f660-418f-a597-e6602dd7f111'),
 ('57', '27', '4', '1', 'en_us', '1', NULL, '{\"typeId\":\"4\",\"authorId\":null,\"title\":\"Get Help\",\"slug\":\"get-help\",\"postDate\":1455837913,\"expiryDate\":null,\"enabled\":1,\"parentId\":null,\"fields\":[]}', '2016-02-18 23:25:14', '2016-02-18 23:25:14', 'f14c4ec5-86f2-4643-9928-18e4f822b936'),
 ('58', '27', '4', '1', 'en_us', '2', '', '{\"typeId\":null,\"authorId\":null,\"title\":\"Get Help\",\"slug\":\"get-help\",\"postDate\":1455837913,\"expiryDate\":null,\"enabled\":1,\"parentId\":null,\"fields\":{\"1\":\"<p>single page for \\\"Get Help\\\" link...<\\/p>\",\"6\":[\"16\"]}}', '2016-02-18 23:26:17', '2016-02-18 23:26:17', '00d2fcae-6f35-420a-bd58-61b4a482926a'),
 ('59', '27', '4', '1', 'en_us', '3', '', '{\"typeId\":\"4\",\"authorId\":null,\"title\":\"Get Help\",\"slug\":\"get-help\",\"postDate\":1455838298,\"expiryDate\":null,\"enabled\":1,\"parentId\":null,\"fields\":{\"1\":\"<p>single page for \\\"Get Help\\\" link...<\\/p>\",\"6\":[\"16\"]}}', '2016-02-18 23:31:54', '2016-02-18 23:31:54', 'a26cbc4f-32c2-4ad4-89b5-0db65634fd6b'),
 ('60', '27', '4', '1', 'en_us', '4', '', '{\"typeId\":\"4\",\"authorId\":null,\"title\":\"Get Help\",\"slug\":\"get-help\",\"postDate\":1455838456,\"expiryDate\":null,\"enabled\":1,\"parentId\":null,\"fields\":{\"1\":\"<p>single page for \\\"Get Help\\\" link...<\\/p>\",\"6\":[\"16\"]}}', '2016-02-18 23:34:23', '2016-02-18 23:34:23', '995cda57-ec8c-4219-9b20-4171479cceda'),
 ('61', '27', '4', '1', 'en_us', '5', '', '{\"typeId\":\"4\",\"authorId\":null,\"title\":\"Get Help\",\"slug\":\"get-help\",\"postDate\":1455838659,\"expiryDate\":null,\"enabled\":1,\"parentId\":null,\"fields\":{\"1\":\"<p>single page for \\\"Get Help\\\" link...<\\/p>\",\"6\":[\"16\"]}}', '2016-02-18 23:38:02', '2016-02-18 23:38:02', 'd8ee1076-f300-4bed-b7b1-fba368e72b88'),
 ('62', '10', '2', '1', 'en_us', '5', '', '{\"typeId\":\"2\",\"authorId\":\"1\",\"title\":\"3rd Annual Charity Golf Outing\",\"slug\":\"3rd-annual-charity-golf-outing\",\"postDate\":1455235200,\"expiryDate\":null,\"enabled\":1,\"parentId\":null,\"fields\":{\"3\":{\"date\":\"7\\/26\\/2016\"},\"5\":\"Southern Dunes\",\"6\":[\"16\"],\"4\":\"12:30 pm\"}}', '2016-02-19 00:41:42', '2016-02-19 00:41:42', '63985183-fb77-4a17-b32c-cdd858d80fbc'),
 ('63', '10', '2', '1', 'en_us', '6', '', '{\"typeId\":\"2\",\"authorId\":\"1\",\"title\":\"3rd Annual Charity Golf Outing\",\"slug\":\"3rd-annual-charity-golf-outing\",\"postDate\":1455235200,\"expiryDate\":null,\"enabled\":1,\"parentId\":null,\"fields\":{\"3\":{\"date\":\"7\\/26\\/2016\"},\"5\":\"Southern Dunes\",\"6\":[\"33\"],\"4\":\"12:30 pm\"}}', '2016-02-27 20:58:37', '2016-02-27 20:58:37', '0fb1cbcb-454e-4023-9ae0-b796eeb3288e'),
 ('64', '2', '1', '1', 'en_us', '25', '', '{\"typeId\":null,\"authorId\":null,\"title\":\"Homepage\",\"slug\":\"homepage\",\"postDate\":1453995042,\"expiryDate\":null,\"enabled\":1,\"parentId\":null,\"fields\":{\"15\":\"<p>PO Box 148<del><\\/del><\\/p>\\r\\n\\r\\n<p><del><\\/del>Indianapolis, IN 46203<\\/p>\",\"12\":\"<p>Lorem ipsum dolor sit amet, consectetur adipiscing elit. Donec a diam lectus. Sed sit amet ipsum mauris. Donec a diam lectus. Sed sit amet ipsum mauris.&nbsp;<\\/p>\\r\\n\\r\\n<p>Lorem ipsum dolor sit amet, consectetur adipiscing elit. Donec a diam lectus. Sed sit amet ipsum mauris. Donec a diam lectus. Sed sit amet ipsum mauris.&nbsp;Donec a diam lectus. Sed sit amet ipsum mauris.<\\/p>\\r\\n\\r\\n\\r\\n\\r\\n\\r\\n\\r\\n\\r\\n\\r\\n\\r\\n\\r\\n\\r\\n\\r\\n\\r\\n\\r\\n\\r\\n\\r\\n\\r\\n\\r\\n\\r\\n\\r\\n\\r\\n\\r\\n\\r\\n\\r\\n<p>Don\'t be ashamed to Reach Out For Help<\\/p>\",\"6\":[\"14\",\"16\"],\"10\":\"<p>Ane&nbsp;ipsum dolor sit amet, consectetur adipiscing elit. Donec a diam lectus. Sed sit amet ipsum mauris. Maecenas congue ligula ac quam viverra nec consectetur ante hendrerit. Donec et mollis dolor.<\\/p>\",\"11\":\"317-946-2579\",\"7\":\"<p>Lorem ipsum dolor sit amet, consectetur adipiscing elit. Donec a diam lectus. Sed sit amet ipsum mauris. Maecenas congue ligula ac quam viverra nec consectetur ante hendrerit. Donec et mollis dolor. Praesent et diam eget libero egestas mattis sit amet vitae augue. Nam tincidunt congue enim, ut porta lorem lacinia consectetur.<\\/p>\\r\\n\\r\\n<p>Donec sed odio eros. Donec viverra mi quis quam pulvinar at malesuada arcu rhoncus. Cum sociis natoque penatibus et magnis dis parturient montes, nascetur ridiculus mus. In rutrum accumsan ultricies. Mauris vitae nisi at sem facilisis semper ac in est. Donec ut libero sed arcu vehicula ultricies a non tortor. Lorem ipsum dolor sit amet, consectetur adipiscing elit. Aenean ut gravida lorem. Ut turpis felis, pulvinar a semper sed, adipiscing id dolor. Pellentesque auctor nisi id magna consequat sagittis.<\\/p>\"}}', '2016-02-29 00:48:10', '2016-02-29 00:48:10', '16018692-020c-4c7a-afc4-dbc93b83c3e0'),
 ('65', '10', '2', '1', 'en_us', '7', '', '{\"typeId\":\"2\",\"authorId\":\"1\",\"title\":\"3rd Annual Charity Golf Outing\",\"slug\":\"3rd-annual-charity-golf-outing\",\"postDate\":1455235200,\"expiryDate\":null,\"enabled\":1,\"parentId\":null,\"fields\":{\"3\":{\"date\":\"7\\/26\\/2016\"},\"5\":\"Southern Dunes\",\"6\":[\"33\"],\"4\":\"12:30 pm\"}}', '2016-03-03 00:50:32', '2016-03-03 00:50:32', '5132a43b-eb5e-4909-9135-eba2040eff47'),
 ('66', '10', '2', '1', 'en_us', '8', '', '{\"typeId\":\"2\",\"authorId\":\"1\",\"title\":\"3rd Annual Charity Golf Outing\",\"slug\":\"3rd-annual-charity-golf-outing\",\"postDate\":1455235200,\"expiryDate\":null,\"enabled\":1,\"parentId\":null,\"fields\":{\"3\":{\"date\":\"7\\/26\\/2016\"},\"5\":\"Southern Dunes\",\"6\":[\"14\"],\"4\":\"12:30 pm\"}}', '2016-03-03 01:24:26', '2016-03-03 01:24:26', '9a61717f-623e-4dc3-924f-24fdf023b4c4'),
 ('67', '10', '2', '1', 'en_us', '9', '', '{\"typeId\":\"2\",\"authorId\":\"1\",\"title\":\"3rd Annual Charity Golf Outing\",\"slug\":\"3rd-annual-charity-golf-outing\",\"postDate\":1455235200,\"expiryDate\":null,\"enabled\":1,\"parentId\":null,\"fields\":{\"3\":{\"date\":\"7\\/26\\/2016\"},\"5\":\"Southern Dunes\",\"6\":[\"33\"],\"4\":\"12:30 pm\"}}', '2016-03-03 01:26:18', '2016-03-03 01:26:18', '421e4c0b-dc12-411b-8054-ea53c2d09f7a'),
 ('68', '10', '2', '1', 'en_us', '10', '', '{\"typeId\":\"2\",\"authorId\":\"1\",\"title\":\"3rd Annual Charity Golf Outing\",\"slug\":\"3rd-annual-charity-golf-outing\",\"postDate\":1455235200,\"expiryDate\":null,\"enabled\":1,\"parentId\":null,\"fields\":{\"3\":{\"date\":\"7\\/26\\/2016\"},\"5\":\"Southern Dunes\",\"6\":\"\",\"4\":\"12:30 pm\"}}', '2016-03-03 01:27:29', '2016-03-03 01:27:29', '5c02d6f6-33b6-4fd7-9a17-b892127e9463'),
 ('69', '10', '2', '1', 'en_us', '11', '', '{\"typeId\":\"2\",\"authorId\":\"1\",\"title\":\"3rd Annual Charity Golf Outing\",\"slug\":\"3rd-annual-charity-golf-outing\",\"postDate\":1455235200,\"expiryDate\":null,\"enabled\":1,\"parentId\":null,\"fields\":{\"3\":{\"date\":\"7\\/26\\/2016\"},\"5\":\"Southern Dunes\",\"6\":[\"33\"],\"4\":\"12:30 pm\"}}', '2016-03-03 01:30:37', '2016-03-03 01:30:37', '4ee151bf-3802-4a67-9cf1-b719603e2d30'),
 ('70', '9', '2', '1', 'en_us', '4', '', '{\"typeId\":\"2\",\"authorId\":\"1\",\"title\":\"5th Annual Charity Bowling Event\",\"slug\":\"5th-annual-charity-bowling-event\",\"postDate\":1455235200,\"expiryDate\":null,\"enabled\":1,\"parentId\":null,\"fields\":{\"3\":{\"date\":\"1\\/30\\/2016\"},\"5\":\"Southern Bowl\",\"6\":[\"14\",\"33\"],\"4\":\"12:30 pm\"}}', '2016-03-03 01:39:32', '2016-03-03 01:39:32', '9b8006cb-7dde-453b-a038-4b1157f41949'),
 ('71', '2', '1', '1', 'en_us', '26', '', '{\"typeId\":null,\"authorId\":null,\"title\":\"Homepage\",\"slug\":\"homepage\",\"postDate\":1453995042,\"expiryDate\":null,\"enabled\":1,\"parentId\":null,\"fields\":{\"15\":\"<p>PO Box 148<del><\\/del><\\/p>\\r\\n\\r\\n<p><del><\\/del>Indianapolis, IN 46203<\\/p>\",\"12\":\"<p>Lorem ipsum dolor sit amet, consectetur adipiscing elit. Donec a diam lectus. Sed sit amet ipsum mauris. Donec a diam lectus. Sed sit amet ipsum mauris.&nbsp;<\\/p>\\r\\n\\r\\n<p>Lorem ipsum dolor sit amet, consectetur adipiscing elit. Donec a diam lectus. Sed sit amet ipsum mauris. Donec a diam lectus. Sed sit amet ipsum mauris.&nbsp;Donec a diam lectus. Sed sit amet ipsum mauris.<\\/p>\\r\\n\\r\\n\\r\\n\\r\\n\\r\\n\\r\\n\\r\\n\\r\\n\\r\\n\\r\\n\\r\\n\\r\\n\\r\\n\\r\\n\\r\\n\\r\\n\\r\\n\\r\\n\\r\\n\\r\\n\\r\\n\\r\\n\\r\\n\\r\\n\\r\\n\\r\\n<p>Don\'t be ashamed to Reach Out For Help<\\/p>\",\"6\":[\"40\",\"41\",\"42\",\"43\",\"44\",\"45\",\"46\"],\"10\":\"<p>Ane&nbsp;ipsum dolor sit amet, consectetur adipiscing elit. Donec a diam lectus. Sed sit amet ipsum mauris. Maecenas congue ligula ac quam viverra nec consectetur ante hendrerit. Donec et mollis dolor.<\\/p>\",\"11\":\"317-946-2579\",\"7\":\"<p>Lorem ipsum dolor sit amet, consectetur adipiscing elit. Donec a diam lectus. Sed sit amet ipsum mauris. Maecenas congue ligula ac quam viverra nec consectetur ante hendrerit. Donec et mollis dolor. Praesent et diam eget libero egestas mattis sit amet vitae augue. Nam tincidunt congue enim, ut porta lorem lacinia consectetur.<\\/p>\\r\\n\\r\\n<p>Donec sed odio eros. Donec viverra mi quis quam pulvinar at malesuada arcu rhoncus. Cum sociis natoque penatibus et magnis dis parturient montes, nascetur ridiculus mus. In rutrum accumsan ultricies. Mauris vitae nisi at sem facilisis semper ac in est. Donec ut libero sed arcu vehicula ultricies a non tortor. Lorem ipsum dolor sit amet, consectetur adipiscing elit. Aenean ut gravida lorem. Ut turpis felis, pulvinar a semper sed, adipiscing id dolor. Pellentesque auctor nisi id magna consequat sagittis.<\\/p>\"}}', '2016-03-25 02:59:48', '2016-03-25 02:59:48', '20a6f4c3-c776-41ad-bcba-6ce10b618e5d'),
 ('72', '9', '2', '1', 'en_us', '5', '', '{\"typeId\":\"2\",\"authorId\":\"1\",\"title\":\"5th Annual Charity Bowling Event\",\"slug\":\"5th-annual-charity-bowling-event\",\"postDate\":1455235200,\"expiryDate\":null,\"enabled\":1,\"parentId\":null,\"fields\":{\"3\":{\"date\":\"1\\/30\\/2016\"},\"5\":\"Southern Bowl\",\"6\":[\"14\",\"33\"],\"17\":\"bowling\",\"4\":\"12:30 pm\"}}', '2016-03-25 04:08:47', '2016-03-25 04:08:47', '88d15377-7e38-436e-9f8e-e1bb4676866a'),
 ('73', '10', '2', '1', 'en_us', '12', '', '{\"typeId\":\"2\",\"authorId\":\"1\",\"title\":\"3rd Annual Charity Golf Outing\",\"slug\":\"3rd-annual-charity-golf-outing\",\"postDate\":1455235200,\"expiryDate\":null,\"enabled\":1,\"parentId\":null,\"fields\":{\"3\":{\"date\":\"7\\/26\\/2016\"},\"5\":\"Southern Dunes\",\"6\":[\"33\"],\"17\":\"golf\",\"4\":\"12:30 pm\"}}', '2016-03-25 04:08:55', '2016-03-25 04:08:55', 'd37db65a-056e-4641-b0b1-055acc4fced7'),
 ('74', '9', '2', '1', 'en_us', '6', '', '{\"typeId\":\"2\",\"authorId\":\"1\",\"title\":\"5th Annual Charity Bowling Event\",\"slug\":\"5th-annual-charity-bowling-event\",\"postDate\":1455235200,\"expiryDate\":null,\"enabled\":1,\"parentId\":null,\"fields\":{\"3\":{\"date\":\"1\\/30\\/2016\"},\"5\":\"Southern Bowl\",\"29\":\"Donec ut libero sed arcu vehicula ultricies a non tortor. Lorem ipsum dolor sit amet, consectetur adipiscing elit. Aenean ut gravida lorem. Ut turpis felis, pulvinar a semper sed, adipiscing id dolor. Pellentesque auctor nisi id magna consequat sagittis.\",\"6\":[\"14\",\"33\"],\"17\":\"bowling\",\"4\":\"12:30 pm\"}}', '2016-03-25 04:15:33', '2016-03-25 04:15:33', 'c4e94407-bdc3-4809-a742-ad1d6a0a0d5e'),
 ('75', '10', '2', '1', 'en_us', '13', '', '{\"typeId\":\"2\",\"authorId\":\"1\",\"title\":\"3rd Annual Charity Golf Outing\",\"slug\":\"3rd-annual-charity-golf-outing\",\"postDate\":1455235200,\"expiryDate\":null,\"enabled\":1,\"parentId\":null,\"fields\":{\"3\":{\"date\":\"7\\/26\\/2016\"},\"5\":\"Southern Dunes\",\"29\":\"Donec ut libero sed arcu vehicula ultricies a non tortor. Lorem ipsum dolor sit amet, consectetur adipiscing elit. Aenean ut gravida lorem. Ut turpis felis, pulvinar a semper sed, adipiscing id dolor. Pellentesque auctor nisi id magna consequat sagittis.\",\"6\":[\"33\"],\"17\":\"golf\",\"4\":\"12:30 pm\"}}', '2016-03-25 04:15:46', '2016-03-25 04:15:46', 'f2d50c5a-1485-4eb4-adb8-8c413498fc69'),
 ('76', '2', '1', '1', 'en_us', '27', '', '{\"typeId\":null,\"authorId\":null,\"title\":\"Homepage\",\"slug\":\"homepage\",\"postDate\":1453995042,\"expiryDate\":null,\"enabled\":1,\"parentId\":null,\"fields\":{\"15\":\"<p>PO Box 148<del><\\/del><\\/p>\\r\\n\\r\\n<p><del><\\/del>Indianapolis, IN 46203<\\/p>\",\"12\":\"<p>Lorem ipsum dolor sit amet, consectetur adipiscing elit. Donec a diam lectus. Sed sit amet ipsum mauris. Donec a diam lectus. Sed sit amet ipsum mauris.&nbsp;<\\/p>\\r\\n\\r\\n<p>Lorem ipsum dolor sit amet, consectetur adipiscing elit. Donec a diam lectus. Sed sit amet ipsum mauris. Donec a diam lectus. Sed sit amet ipsum mauris.&nbsp;Donec a diam lectus. Sed sit amet ipsum mauris.<\\/p>\\r\\n\\r\\n\\r\\n\\r\\n\\r\\n\\r\\n\\r\\n\\r\\n\\r\\n\\r\\n\\r\\n\\r\\n\\r\\n\\r\\n\\r\\n\\r\\n\\r\\n\\r\\n\\r\\n\\r\\n\\r\\n\\r\\n\\r\\n\\r\\n\\r\\n\\r\\n\\r\\n\\r\\n<p>Don\'t be ashamed to Reach Out For Help<\\/p>\",\"6\":[\"40\",\"41\",\"42\",\"43\",\"44\",\"45\",\"46\"],\"10\":\"<p>Ane&nbsp;ipsum dolor sit amet, consectetur adipiscing elit. Donec a diam lectus. Sed sit amet ipsum mauris. Maecenas congue ligula ac quam viverra nec consectetur ante hendrerit. Donec et mollis dolor.<\\/p>\",\"11\":\"317-946-2579\",\"7\":\"<p>Lorem ipsum dolor sit amet, consectetur adipiscing elit. Donec a diam lectus. Sed sit amet ipsum mauris. Maecenas congue ligula ac quam viverra nec consectetur ante hendrerit. Donec et mollis dolor. Praesent et diam eget libero egestas mattis sit amet vitae augue. Nam tincidunt congue enim, ut porta lorem lacinia consectetur.<\\/p>\\r\\n\\r\\n<p>Donec sed odio eros. Donec viverra mi quis quam pulvinar at malesuada arcu rhoncus. Cum sociis natoque penatibus et magnis dis parturient montes, nascetur ridiculus mus. In rutrum accumsan ultricies. Mauris vitae nisi at sem facilisis semper ac in est. Donec ut libero sed arcu vehicula ultricies a non tortor. Lorem ipsum dolor sit amet, consectetur adipiscing elit. Aenean ut gravida lorem. Ut turpis felis, pulvinar a semper sed, adipiscing id dolor. Pellentesque auctor nisi id magna consequat sagittis.<\\/p>\"}}', '2016-03-25 05:54:36', '2016-03-25 05:54:36', '3a68b1f3-f798-4b5c-a0f7-e863d5052c02'),
 ('78', '2', '1', '1', 'en_us', '28', '', '{\"typeId\":null,\"authorId\":null,\"title\":\"Homepage\",\"slug\":\"homepage\",\"postDate\":1453995042,\"expiryDate\":null,\"enabled\":1,\"parentId\":null,\"fields\":{\"15\":\"<p>PO Box 148<del><\\/del><\\/p>\\r\\n\\r\\n<p><del><\\/del>Indianapolis, IN 46203<\\/p>\",\"12\":\"<p>Lorem ipsum dolor sit amet, consectetur adipiscing elit. Donec a diam lectus. Sed sit amet ipsum mauris. Donec a diam lectus. Sed sit amet ipsum mauris.&nbsp;<\\/p>\\r\\n\\r\\n<p>Lorem ipsum dolor sit amet, consectetur adipiscing elit. Donec a diam lectus. Sed sit amet ipsum mauris. Donec a diam lectus. Sed sit amet ipsum mauris.&nbsp;Donec a diam lectus. Sed sit amet ipsum mauris.<\\/p>\\r\\n\\r\\n\\r\\n\\r\\n\\r\\n\\r\\n\\r\\n\\r\\n\\r\\n\\r\\n\\r\\n\\r\\n\\r\\n\\r\\n\\r\\n\\r\\n\\r\\n\\r\\n\\r\\n\\r\\n\\r\\n\\r\\n\\r\\n\\r\\n\\r\\n\\r\\n\\r\\n\\r\\n\\r\\n\\r\\n<p>Don\'t be ashamed to Reach Out For Help<\\/p>\",\"6\":[\"40\",\"41\",\"42\",\"43\",\"44\",\"45\",\"46\"],\"10\":\"<p>Ane&nbsp;ipsum dolor sit amet, consectetur adipiscing elit. Donec a diam lectus. Sed sit amet ipsum mauris. Maecenas congue ligula ac quam viverra nec consectetur ante hendrerit. Donec et mollis dolor.<\\/p>\",\"11\":\"317-946-2579\",\"7\":\"<p>Lorem ipsum dolor sit amet, consectetur adipiscing elit. Donec a diam lectus. Sed sit amet ipsum mauris. Maecenas congue ligula ac quam viverra nec consectetur ante hendrerit. Donec et mollis dolor. Praesent et diam eget libero egestas mattis sit amet vitae augue. Nam tincidunt congue enim, ut porta lorem lacinia consectetur.<\\/p>\\r\\n\\r\\n<p>Donec sed odio eros. Donec viverra mi quis quam pulvinar at malesuada arcu rhoncus. Cum sociis natoque penatibus et magnis dis parturient montes, nascetur ridiculus mus. In rutrum accumsan ultricies. Mauris vitae nisi at sem facilisis semper ac in est. Donec ut libero sed arcu vehicula ultricies a non tortor. Lorem ipsum dolor sit amet, consectetur adipiscing elit. Aenean ut gravida lorem. Ut turpis felis, pulvinar a semper sed, adipiscing id dolor. Pellentesque auctor nisi id magna consequat sagittis.<\\/p>\"}}', '2016-03-28 02:51:35', '2016-03-28 02:51:35', '505044d5-e775-4011-8248-b0094b3d8fe4'),
 ('79', '27', '4', '1', 'en_us', '6', '', '{\"typeId\":\"4\",\"authorId\":null,\"title\":\"Get Help\",\"slug\":\"get-help\",\"postDate\":1455838659,\"expiryDate\":null,\"enabled\":1,\"parentId\":null,\"fields\":{\"34\":\"We are here for you.\",\"35\":\"Asking for help is as simple as these 4 steps:\"}}', '2016-03-29 21:32:58', '2016-03-29 21:32:58', 'c1d165b3-63b7-43b0-bac4-8e34e02a7b5a'),
 ('80', '27', '4', '1', 'en_us', '7', '', '{\"typeId\":\"4\",\"authorId\":null,\"title\":\"Get Help\",\"slug\":\"get-help\",\"postDate\":1455838659,\"expiryDate\":null,\"enabled\":1,\"parentId\":null,\"fields\":{\"34\":\"We are here for you.\",\"35\":\"Asking for help is as simple as these 4 steps:\"}}', '2016-03-29 21:36:13', '2016-03-29 21:36:13', '70520691-e7f4-40ac-a55f-7b661ef65c62'),
 ('81', '27', '4', '1', 'en_us', '8', '', '{\"typeId\":\"4\",\"authorId\":null,\"title\":\"Get Help\",\"slug\":\"get-help\",\"postDate\":1455838659,\"expiryDate\":null,\"enabled\":1,\"parentId\":null,\"fields\":{\"34\":\"We are here for you.\",\"40\":\"ipsum dolor sit amet, consectetur adipiscing elit. Donec a diam lectus. Sed sit amet ipsum mauris. Maecenas congue ligula ac quam viverra nec consectetur ante hendrerit. Donec et mollis dolor. Praesent et diam eget libero egestas mattis sit amet vitae augue. Nam tincidunt congue enim, ut porta lorem lacinia consectetur.\",\"35\":\"Asking for help is as simple as these 4 steps:\",\"36\":\"Fill out the short application below.\",\"37\":\"Choose a counselor on your own, or we can refer one.\",\"38\":\"Make an appointment.\",\"39\":\"Once application is filled, send in.\"}}', '2016-03-29 21:40:50', '2016-03-29 21:40:50', '44a16215-5d54-4bbf-ae4e-5d50913592ec'),
 ('82', '27', '4', '1', 'en_us', '9', '', '{\"typeId\":\"4\",\"authorId\":null,\"title\":\"Get Help\",\"slug\":\"get-help\",\"postDate\":1455838659,\"expiryDate\":null,\"enabled\":1,\"parentId\":null,\"fields\":{\"34\":\"We are here for you.\",\"40\":\"ipsum dolor sit amet, consectetur adipiscing elit. Donec a diam lectus. Sed sit amet ipsum mauris. Maecenas congue ligula ac quam viverra nec consectetur ante hendrerit. Donec et mollis dolor. Praesent et diam eget libero egestas mattis sit amet vitae augue. Nam tincidunt congue enim, ut porta lorem lacinia consectetur.\",\"35\":\"Asking for help is as simple as these 4 steps:\",\"36\":\"Fill out the short application below.\",\"37\":\"Choose a counselor on your own, or we can refer one.\",\"38\":\"Make an appointment.\",\"39\":\"Once application is filled, send in.\"}}', '2016-03-29 21:42:32', '2016-03-29 21:42:32', '873e9e22-9e9a-4b9d-824d-65f84a5c7ef9'),
 ('83', '27', '4', '1', 'en_us', '10', '', '{\"typeId\":\"4\",\"authorId\":null,\"title\":\"Get Help\",\"slug\":\"get-help\",\"postDate\":1455838659,\"expiryDate\":null,\"enabled\":1,\"parentId\":null,\"fields\":{\"42\":\"In case of emergency, you may call the 24-hr Crisis Hotline at:\",\"41\":\"If you have any questions, you may call us between the hours of 8:00 a.m. and 8:00 p.m. at:\",\"43\":\"317.251.7575\",\"34\":\"We are here for you.\",\"40\":\"ipsum dolor sit amet, consectetur adipiscing elit. Donec a diam lectus. Sed sit amet ipsum mauris. Maecenas congue ligula ac quam viverra nec consectetur ante hendrerit. Donec et mollis dolor. Praesent et diam eget libero egestas mattis sit amet vitae augue. Nam tincidunt congue enim, ut porta lorem lacinia consectetur.\",\"44\":\"317.428.9133\",\"35\":\"Asking for help is as simple as these 4 steps:\",\"36\":\"Fill out the short application below.\",\"37\":\"Choose a counselor on your own, or we can refer one.\",\"38\":\"Make an appointment.\",\"39\":\"Once application is filled, send in.\"}}', '2016-03-29 21:46:44', '2016-03-29 21:46:44', 'ae8e288a-6cbc-4aa2-b7e7-c2a3cc453330'),
 ('84', '69', '5', '1', 'en_us', '1', NULL, '{\"typeId\":\"5\",\"authorId\":null,\"title\":\"Thank You\",\"slug\":\"thank-you\",\"postDate\":1459711387,\"expiryDate\":null,\"enabled\":1,\"parentId\":null,\"fields\":[]}', '2016-04-03 19:23:07', '2016-04-03 19:23:07', '1f3a90d1-a7ed-4919-bc7a-f52016ac4126'),
 ('85', '69', '5', '1', 'en_us', '2', '', '{\"typeId\":null,\"authorId\":null,\"title\":\"Thank You\",\"slug\":\"thank-you\",\"postDate\":1459711387,\"expiryDate\":null,\"enabled\":1,\"parentId\":null,\"fields\":{\"45\":\"Thank you for your submission, we will be in touch shorty.....\"}}', '2016-04-03 19:24:57', '2016-04-03 19:24:57', 'bd0e9154-fc75-40b7-8ea2-2a9fd517846a'),
 ('86', '69', '5', '1', 'en_us', '3', '', '{\"typeId\":null,\"authorId\":null,\"title\":\"Thank You.\",\"slug\":\"thank-you\",\"postDate\":1459711387,\"expiryDate\":null,\"enabled\":1,\"parentId\":null,\"fields\":{\"45\":\"Thank you for your submission, we will be in touch shorty.....\"}}', '2016-04-03 19:39:00', '2016-04-03 19:39:00', 'a6fb519d-4c18-43ab-9776-fed5a57f433d'),
 ('87', '10', '2', '1', 'en_us', '14', '', '{\"typeId\":\"2\",\"authorId\":\"1\",\"title\":\"3rd Annual Charity Golf Outing\",\"slug\":\"3rd-annual-charity-golf-outing\",\"postDate\":1455235200,\"expiryDate\":null,\"enabled\":1,\"parentId\":null,\"fields\":{\"3\":{\"date\":\"7\\/26\\/2016\"},\"5\":\"Southern Dunes\",\"29\":\"Vehicula ultricies a non tortor. Lorem ipsum dolor sit amet, consectetur adipiscing elit. Aenean ut gravida lorem. Ut turpis felis, pulvinar a semper sed, adipiscing id dolor. Pellentesque auctor nisi id magna consequat sagittis.\",\"6\":[\"33\"],\"17\":\"golf\",\"4\":\"12:30 pm\"}}', '2016-04-03 20:04:47', '2016-04-03 20:04:47', 'a0eb7fc7-84b0-44ef-b920-6a5cfef4a4db');



DROP TABLE IF EXISTS `craft_fieldgroups`;


--
-- Schema for table `craft_fieldgroups`
--
CREATE TABLE `craft_fieldgroups` (
  `id` int(11) NOT NULL AUTO_INCREMENT,
  `name` varchar(255) COLLATE utf8_unicode_ci NOT NULL,
  `dateCreated` datetime NOT NULL,
  `dateUpdated` datetime NOT NULL,
  `uid` char(36) COLLATE utf8_unicode_ci NOT NULL DEFAULT '0',
  PRIMARY KEY (`id`),
  UNIQUE KEY `craft_fieldgroups_name_unq_idx` (`name`)
) ENGINE=InnoDB AUTO_INCREMENT=7 DEFAULT CHARSET=utf8 COLLATE=utf8_unicode_ci;

--
-- Data for table `craft_fieldgroups`
--

INSERT INTO `craft_fieldgroups` (`id`, `name`, `dateCreated`, `dateUpdated`, `uid`) VALUES
 ('1', 'Default', '2016-01-28 15:30:42', '2016-01-28 15:30:42', '3d6fbe82-7474-455c-867e-69e42d8a1ccf'),
 ('2', 'Events', '2016-02-12 16:26:11', '2016-02-12 16:26:11', '933aa3c1-9281-49b3-a224-8715281c455c'),
 ('3', 'Homepage', '2016-02-12 18:27:04', '2016-02-12 18:27:04', 'f47f8861-0be2-4bf2-9b18-b8d182180a46'),
 ('4', 'Products', '2016-02-12 23:29:14', '2016-02-12 23:29:14', '7a04dc28-8439-4b97-868a-2941f557c63c'),
 ('5', 'Contact', '2016-02-12 23:37:21', '2016-02-12 23:37:21', 'b1233e71-f9e9-43e8-810a-232ffe09aca0'),
 ('6', 'Get Help Page', '2016-03-29 21:27:49', '2016-03-29 21:27:49', '792f5967-490d-416d-9496-66f8a2676517');



DROP TABLE IF EXISTS `craft_fieldlayoutfields`;


--
-- Schema for table `craft_fieldlayoutfields`
--
CREATE TABLE `craft_fieldlayoutfields` (
  `id` int(11) NOT NULL AUTO_INCREMENT,
  `layoutId` int(11) NOT NULL,
  `tabId` int(11) NOT NULL,
  `fieldId` int(11) NOT NULL,
  `required` tinyint(1) unsigned NOT NULL DEFAULT '0',
  `sortOrder` smallint(6) unsigned DEFAULT NULL,
  `dateCreated` datetime NOT NULL,
  `dateUpdated` datetime NOT NULL,
  `uid` char(36) COLLATE utf8_unicode_ci NOT NULL DEFAULT '0',
  PRIMARY KEY (`id`),
  UNIQUE KEY `craft_fieldlayoutfields_layoutId_fieldId_unq_idx` (`layoutId`,`fieldId`),
  KEY `craft_fieldlayoutfields_sortOrder_idx` (`sortOrder`),
  KEY `craft_fieldlayoutfields_tabId_fk` (`tabId`),
  KEY `craft_fieldlayoutfields_fieldId_fk` (`fieldId`)
) ENGINE=InnoDB AUTO_INCREMENT=277 DEFAULT CHARSET=utf8 COLLATE=utf8_unicode_ci;

--
-- Data for table `craft_fieldlayoutfields`
--

INSERT INTO `craft_fieldlayoutfields` (`id`, `layoutId`, `tabId`, `fieldId`, `required`, `sortOrder`, `dateCreated`, `dateUpdated`, `uid`) VALUES
 ('41', '21', '19', '6', '0', '1', '2016-02-12 18:36:14', '2016-02-12 18:36:14', 'd6ec99aa-e66d-4aa6-8e9b-a0ce95dfa477'),
 ('65', '29', '36', '7', '0', '1', '2016-02-13 01:42:36', '2016-02-13 01:42:36', '8fda1ad2-62f3-404d-a4e8-e986980346a9'),
 ('66', '29', '37', '6', '0', '1', '2016-02-13 01:42:36', '2016-02-13 01:42:36', '06462fd5-e915-4663-948d-dec960592a14'),
 ('67', '29', '38', '10', '0', '1', '2016-02-13 01:42:36', '2016-02-13 01:42:36', 'a1971ce0-3905-4311-8fca-07d1bd111e4e'),
 ('68', '29', '39', '12', '0', '1', '2016-02-13 01:42:36', '2016-02-13 01:42:36', 'db1ff3ed-1998-4cc3-96dc-82ec132546c3'),
 ('69', '29', '39', '11', '0', '2', '2016-02-13 01:42:36', '2016-02-13 01:42:36', '4cf40eb5-1943-42ed-aab8-ae9830930f3c'),
 ('70', '29', '39', '15', '0', '3', '2016-02-13 01:42:36', '2016-02-13 01:42:36', '14b9a998-a621-47a7-9947-493d55755b49'),
 ('72', '31', '41', '6', '0', '1', '2016-02-13 01:52:47', '2016-02-13 01:52:47', 'd776aeed-e249-4142-a163-9201a56cef8e'),
 ('73', '31', '41', '16', '0', '2', '2016-02-13 01:52:47', '2016-02-13 01:52:47', '5bf91002-a4d8-4220-b846-0e33919d7ef5'),
 ('78', '33', '43', '6', '0', '1', '2016-02-14 05:38:20', '2016-02-14 05:38:20', '61c86181-898b-4a67-9ba8-4a44860778a7'),
 ('79', '33', '43', '8', '0', '2', '2016-02-14 05:38:20', '2016-02-14 05:38:20', '7d5e4f8f-8f4d-4cb9-8450-6aee2a9f0d6f'),
 ('80', '33', '43', '9', '0', '3', '2016-02-14 05:38:20', '2016-02-14 05:38:20', 'dfb13ab6-10a4-4181-bc71-f6054f19e2ef'),
 ('81', '33', '44', '17', '0', '1', '2016-02-14 05:38:20', '2016-02-14 05:38:20', 'acb9dae7-6efd-4fec-a66a-890d37c2d0a6'),
 ('111', '43', '53', '6', '0', '1', '2016-03-25 04:15:13', '2016-03-25 04:15:13', '869acd98-ad57-4e14-9f81-8f15b0ad5754'),
 ('112', '43', '53', '3', '0', '2', '2016-03-25 04:15:13', '2016-03-25 04:15:13', '4971d953-0e4f-46ba-9dd5-47d35de30f6d'),
 ('113', '43', '53', '4', '0', '3', '2016-03-25 04:15:13', '2016-03-25 04:15:13', '848cd874-eb81-49ea-9e8f-c03c3d471e63'),
 ('114', '43', '53', '5', '0', '4', '2016-03-25 04:15:13', '2016-03-25 04:15:13', 'bd96fc19-325c-4cb1-94e9-e01d6d37838e'),
 ('115', '43', '53', '29', '0', '5', '2016-03-25 04:15:13', '2016-03-25 04:15:13', '27d880e0-de46-4968-9541-43a6c9f44e0f'),
 ('116', '43', '53', '17', '0', '6', '2016-03-25 04:15:13', '2016-03-25 04:15:13', 'ae612069-6619-48c3-bfc9-0b0347d90163'),
 ('249', '72', '83', '34', '0', '1', '2016-03-29 21:47:04', '2016-03-29 21:47:04', '0026d8cc-47d6-4d6d-8216-a322acd417a7'),
 ('250', '72', '83', '35', '0', '2', '2016-03-29 21:47:04', '2016-03-29 21:47:04', '9f01e498-c395-4f2b-9260-3f2cd8b75bcf'),
 ('251', '72', '83', '36', '0', '3', '2016-03-29 21:47:04', '2016-03-29 21:47:04', 'e5b1f46e-649a-4b18-a8ef-fcebeb9894b4'),
 ('252', '72', '83', '37', '0', '4', '2016-03-29 21:47:04', '2016-03-29 21:47:04', '0a16329b-fd3a-431f-86c6-c5f31230036e'),
 ('253', '72', '83', '38', '0', '5', '2016-03-29 21:47:04', '2016-03-29 21:47:04', '2db0fbfc-dda9-405f-888f-d4fd37e60f13'),
 ('254', '72', '83', '39', '0', '6', '2016-03-29 21:47:04', '2016-03-29 21:47:04', '73c098a3-9259-4a22-a87a-7b1b6a628d93'),
 ('255', '72', '83', '40', '0', '7', '2016-03-29 21:47:04', '2016-03-29 21:47:04', '4ed89032-179a-48f8-a4c0-b80f85ab6b8f'),
 ('256', '72', '84', '41', '0', '1', '2016-03-29 21:47:04', '2016-03-29 21:47:04', '36cc203c-e4c4-4352-94f8-6a52cb100efc'),
 ('257', '72', '84', '43', '0', '2', '2016-03-29 21:47:04', '2016-03-29 21:47:04', 'fff4acb0-71b2-400f-bfea-a25823727bb8'),
 ('258', '72', '84', '42', '0', '3', '2016-03-29 21:47:04', '2016-03-29 21:47:04', 'dd6c3856-7b3d-493c-8192-f4e3f058d56f'),
 ('259', '72', '84', '44', '0', '4', '2016-03-29 21:47:04', '2016-03-29 21:47:04', 'fa7373ca-da20-4294-86ad-5e362cda7d08'),
 ('266', '77', '87', '19', '1', '1', '2016-04-03 19:26:51', '2016-04-03 19:26:51', 'af073172-21f1-4505-a282-951fa581ee08'),
 ('267', '77', '87', '20', '1', '2', '2016-04-03 19:26:51', '2016-04-03 19:26:51', '7386eda6-e4e6-439b-bbce-569cf8f5f68e'),
 ('268', '77', '87', '23', '1', '3', '2016-04-03 19:26:51', '2016-04-03 19:26:51', '95b22e34-fbad-419f-98c4-3ac806c3f176'),
 ('269', '77', '87', '22', '1', '4', '2016-04-03 19:26:51', '2016-04-03 19:26:51', 'e2815df7-98d6-4144-acb5-07ef8a55fc0a'),
 ('270', '77', '87', '25', '0', '5', '2016-04-03 19:26:51', '2016-04-03 19:26:51', '41d27fd6-cfa6-4448-9354-3202dae28e1b'),
 ('271', '78', '88', '19', '1', '1', '2016-04-03 19:27:09', '2016-04-03 19:27:09', '17980b3c-885c-41b6-9a73-622e31d522bf'),
 ('272', '78', '88', '20', '1', '2', '2016-04-03 19:27:09', '2016-04-03 19:27:09', '68a69718-7c9e-4847-81cf-fb2da038b7ad'),
 ('273', '78', '88', '22', '1', '3', '2016-04-03 19:27:09', '2016-04-03 19:27:09', 'd9f52cde-ab8a-4d04-9c56-f21f1afcfe81'),
 ('274', '78', '88', '23', '1', '4', '2016-04-03 19:27:09', '2016-04-03 19:27:09', 'e01d250e-8a07-4705-ab74-28f39df4b4e8'),
 ('275', '78', '88', '25', '0', '5', '2016-04-03 19:27:09', '2016-04-03 19:27:09', 'cf5229fd-9f6c-4965-9c8b-cd668833bb22'),
 ('276', '79', '89', '45', '0', '1', '2016-04-03 19:39:12', '2016-04-03 19:39:12', 'fa908490-6f6d-4797-84ca-c469403133dd');



DROP TABLE IF EXISTS `craft_fieldlayouts`;


--
-- Schema for table `craft_fieldlayouts`
--
CREATE TABLE `craft_fieldlayouts` (
  `id` int(11) NOT NULL AUTO_INCREMENT,
  `type` varchar(150) COLLATE utf8_unicode_ci NOT NULL,
  `dateCreated` datetime NOT NULL,
  `dateUpdated` datetime NOT NULL,
  `uid` char(36) COLLATE utf8_unicode_ci NOT NULL DEFAULT '0',
  PRIMARY KEY (`id`),
  KEY `craft_fieldlayouts_type_idx` (`type`)
) ENGINE=InnoDB AUTO_INCREMENT=80 DEFAULT CHARSET=utf8 COLLATE=utf8_unicode_ci;

--
-- Data for table `craft_fieldlayouts`
--

INSERT INTO `craft_fieldlayouts` (`id`, `type`, `dateCreated`, `dateUpdated`, `uid`) VALUES
 ('1', 'Tag', '2016-01-28 15:30:42', '2016-01-28 15:30:42', '8b92f4cc-8b4e-47de-ae82-d67c2a3e6823'),
 ('21', 'Asset', '2016-02-12 18:36:14', '2016-02-12 18:36:14', '5abaabd7-a347-4442-8558-1750be3216d7'),
 ('29', 'Entry', '2016-02-13 01:42:36', '2016-02-13 01:42:36', '628c3b96-4a63-4ae3-a870-f7e04b378bdd'),
 ('31', 'GlobalSet', '2016-02-13 01:52:47', '2016-02-13 01:52:47', 'f60eecd2-2914-4352-9410-94ffb0cd56ff'),
 ('33', 'Entry', '2016-02-14 05:38:20', '2016-02-14 05:38:20', '0908296b-7bcc-4bea-87ec-3d792c20ac16'),
 ('43', 'Entry', '2016-03-25 04:15:13', '2016-03-25 04:15:13', '20ea9171-8f6b-4c5c-8fec-7edffedc2c3a'),
 ('72', 'Entry', '2016-03-29 21:47:04', '2016-03-29 21:47:04', 'cf1e6ea2-d034-4263-a349-ad2745ba955a'),
 ('77', 'AmForms_Form', '2016-04-03 19:26:51', '2016-04-03 19:26:51', '052e41b7-5157-44e0-8e39-b034fc9af368'),
 ('78', 'AmForms_Form', '2016-04-03 19:27:09', '2016-04-03 19:27:09', '9ceb9a9d-2d94-469f-b04c-c0607fc58553'),
 ('79', 'Entry', '2016-04-03 19:39:12', '2016-04-03 19:39:12', '77f1642f-dcb4-44bd-9624-2085c1761901');



DROP TABLE IF EXISTS `craft_fieldlayouttabs`;


--
-- Schema for table `craft_fieldlayouttabs`
--
CREATE TABLE `craft_fieldlayouttabs` (
  `id` int(11) NOT NULL AUTO_INCREMENT,
  `layoutId` int(11) NOT NULL,
  `name` varchar(255) COLLATE utf8_unicode_ci NOT NULL,
  `sortOrder` smallint(6) unsigned DEFAULT NULL,
  `dateCreated` datetime NOT NULL,
  `dateUpdated` datetime NOT NULL,
  `uid` char(36) COLLATE utf8_unicode_ci NOT NULL DEFAULT '0',
  PRIMARY KEY (`id`),
  KEY `craft_fieldlayouttabs_sortOrder_idx` (`sortOrder`),
  KEY `craft_fieldlayouttabs_layoutId_fk` (`layoutId`)
) ENGINE=InnoDB AUTO_INCREMENT=90 DEFAULT CHARSET=utf8 COLLATE=utf8_unicode_ci;

--
-- Data for table `craft_fieldlayouttabs`
--

INSERT INTO `craft_fieldlayouttabs` (`id`, `layoutId`, `name`, `sortOrder`, `dateCreated`, `dateUpdated`, `uid`) VALUES
 ('19', '21', 'Content', '1', '2016-02-12 18:36:14', '2016-02-12 18:36:14', '15155514-3ddf-4b85-8018-442a6ed58ec1'),
 ('36', '29', 'Content', '1', '2016-02-13 01:42:36', '2016-02-13 01:42:36', '33216309-9145-4154-b19d-47b3c7c1713c'),
 ('37', '29', 'Remembering Mikel', '2', '2016-02-13 01:42:36', '2016-02-13 01:42:36', '2a7a411a-537d-4a7e-adc3-b2c1a971399d'),
 ('38', '29', 'Products Sub Section', '3', '2016-02-13 01:42:36', '2016-02-13 01:42:36', 'fa50f972-4f9d-4a49-8bb5-db749c5056a5'),
 ('39', '29', 'Contact', '4', '2016-02-13 01:42:36', '2016-02-13 01:42:36', '6f60a27c-0a71-4dc4-95d9-0794cb870175'),
 ('41', '31', 'Content', '1', '2016-02-13 01:52:47', '2016-02-13 01:52:47', '86273b14-49d9-466d-8cbf-a7cff739bc8c'),
 ('43', '33', 'Products', '1', '2016-02-14 05:38:20', '2016-02-14 05:38:20', '50e60eb7-5acb-457d-b4e6-1d99069ebbc4'),
 ('44', '33', 'Modal', '2', '2016-02-14 05:38:20', '2016-02-14 05:38:20', '3d46db77-67a4-423b-a5dc-bc778a824410'),
 ('53', '43', 'Events', '1', '2016-03-25 04:15:13', '2016-03-25 04:15:13', '5c7b5cfa-4475-4eb0-b947-de9e1c11d5a2'),
 ('83', '72', 'Get Help Page', '1', '2016-03-29 21:47:04', '2016-03-29 21:47:04', '7e7a13f9-0c27-43a2-88a5-3e61f681c7cf'),
 ('84', '72', 'Get Help Aside Section', '2', '2016-03-29 21:47:04', '2016-03-29 21:47:04', '24326395-d78f-4501-a6f2-881d210ae5f8'),
 ('87', '77', 'Tab 1', '1', '2016-04-03 19:26:51', '2016-04-03 19:26:51', '9d575941-fbfc-4269-9e39-0a2e7825a622'),
 ('88', '78', 'Tab 1', '1', '2016-04-03 19:27:09', '2016-04-03 19:27:09', '42aee41f-2364-4896-ad5c-3ad3c50acad4'),
 ('89', '79', 'Tab 1', '1', '2016-04-03 19:39:12', '2016-04-03 19:39:12', 'e26a0b8a-3a33-4ec2-8536-43d0650cbd60');



DROP TABLE IF EXISTS `craft_fields`;


--
-- Schema for table `craft_fields`
--
CREATE TABLE `craft_fields` (
  `id` int(11) NOT NULL AUTO_INCREMENT,
  `groupId` int(11) DEFAULT NULL,
  `name` varchar(255) COLLATE utf8_unicode_ci NOT NULL,
  `handle` varchar(58) COLLATE utf8_unicode_ci NOT NULL,
  `context` varchar(255) COLLATE utf8_unicode_ci NOT NULL DEFAULT 'global',
  `instructions` text COLLATE utf8_unicode_ci,
  `translatable` tinyint(1) unsigned NOT NULL DEFAULT '0',
  `type` varchar(150) COLLATE utf8_unicode_ci NOT NULL,
  `settings` text COLLATE utf8_unicode_ci,
  `dateCreated` datetime NOT NULL,
  `dateUpdated` datetime NOT NULL,
  `uid` char(36) COLLATE utf8_unicode_ci NOT NULL DEFAULT '0',
  PRIMARY KEY (`id`),
  UNIQUE KEY `craft_fields_handle_context_unq_idx` (`handle`,`context`),
  KEY `craft_fields_context_idx` (`context`),
  KEY `craft_fields_groupId_fk` (`groupId`)
) ENGINE=InnoDB AUTO_INCREMENT=46 DEFAULT CHARSET=utf8 COLLATE=utf8_unicode_ci;

--
-- Data for table `craft_fields`
--

INSERT INTO `craft_fields` (`id`, `groupId`, `name`, `handle`, `context`, `instructions`, `translatable`, `type`, `settings`, `dateCreated`, `dateUpdated`, `uid`) VALUES
 ('1', '1', 'Body', 'body', 'global', NULL, '1', 'RichText', '{\"configFile\":\"Standard.json\",\"columnType\":\"text\"}', '2016-01-28 15:30:42', '2016-01-28 15:30:42', 'c31b0e57-0306-4be2-8682-aa4a333887df'),
 ('2', '1', 'Tags', 'tags', 'global', NULL, '0', 'Tags', '{\"source\":\"taggroup:1\"}', '2016-01-28 15:30:42', '2016-01-28 15:30:42', 'da8a2957-590d-4004-802c-10d6365c07fd'),
 ('3', '2', 'Event Date', 'eventDate', 'global', '', '0', 'Date', '{\"minuteIncrement\":\"30\",\"showDate\":1,\"showTime\":0}', '2016-02-12 16:27:04', '2016-02-12 16:27:04', '79209df1-c1fd-4403-93f9-c60251a6fe41'),
 ('4', '2', 'Registration Time', 'registrationTime', 'global', '', '0', 'PlainText', '{\"placeholder\":\"\",\"maxLength\":\"\",\"multiline\":\"\",\"initialRows\":\"4\"}', '2016-02-12 16:27:25', '2016-02-12 18:24:59', 'b9db118c-049b-4d56-a757-6e90ab068ffd'),
 ('5', '2', 'Event Location', 'eventLocation', 'global', '', '0', 'PlainText', '{\"placeholder\":\"\",\"maxLength\":\"\",\"multiline\":\"\",\"initialRows\":\"4\"}', '2016-02-12 16:27:48', '2016-02-12 16:27:48', '2976713e-7b68-42f9-853a-c4e18935ac09'),
 ('6', '1', 'Image', 'image', 'global', '', '0', 'Assets', '{\"useSingleFolder\":\"1\",\"sources\":\"*\",\"defaultUploadLocationSource\":\"1\",\"defaultUploadLocationSubpath\":\"\",\"singleUploadLocationSource\":\"1\",\"singleUploadLocationSubpath\":\"\",\"restrictFiles\":\"\",\"limit\":\"\",\"viewMode\":\"large\",\"selectionLabel\":\"add an image\"}', '2016-02-12 16:29:24', '2016-02-12 18:38:39', '1f7f956a-a802-43e7-afba-01eaaf0c81c7'),
 ('7', '3', 'Who we are', 'whoWeAre', 'global', 'the about section paragraph(s) here', '0', 'RichText', '{\"configFile\":\"\",\"cleanupHtml\":\"1\",\"purifyHtml\":\"\",\"columnType\":\"text\"}', '2016-02-12 18:27:33', '2016-02-12 18:30:13', 'def632de-c1ae-4e6d-9d8a-f944c46ebf0b'),
 ('8', '4', 'Price', 'price', 'global', '', '0', 'PlainText', '{\"placeholder\":\"\",\"maxLength\":\"\",\"multiline\":\"\",\"initialRows\":\"4\"}', '2016-02-12 23:29:25', '2016-02-12 23:29:25', '7c71bc46-c5bd-4140-a47f-8e41bf380100'),
 ('9', '4', 'Details', 'details', 'global', '', '0', 'RichText', '{\"configFile\":\"\",\"cleanupHtml\":\"1\",\"purifyHtml\":\"1\",\"columnType\":\"text\"}', '2016-02-12 23:30:28', '2016-02-14 05:57:38', 'fca157fe-9b40-4eca-a4a5-1c0abed17e2d'),
 ('10', '4', 'More Info', 'moreInfo', 'global', 'more info under the product listings', '0', 'RichText', '{\"configFile\":\"\",\"cleanupHtml\":\"1\",\"purifyHtml\":\"\",\"columnType\":\"text\"}', '2016-02-12 23:34:51', '2016-02-12 23:34:51', '9f7395ba-520e-479d-8f1e-aa23a6b74534'),
 ('11', '5', 'Phone Number', 'phoneNumber', 'global', '', '0', 'PlainText', '{\"placeholder\":\"\",\"maxLength\":\"\",\"multiline\":\"\",\"initialRows\":\"4\"}', '2016-02-12 23:37:43', '2016-02-12 23:37:43', '41ad3e9e-c9fe-42bb-ba14-13d4938733c6'),
 ('12', '5', 'Contact Paragraph', 'contactParagraph', 'global', '', '0', 'RichText', '{\"configFile\":\"\",\"cleanupHtml\":\"1\",\"purifyHtml\":\"\",\"columnType\":\"text\"}', '2016-02-12 23:39:46', '2016-02-12 23:39:46', 'e0364cb7-c9a9-44f4-b1af-f9ae9a9b395c'),
 ('13', '5', 'PO Box', 'poBox', 'global', '', '0', 'PlainText', '{\"placeholder\":\"\",\"maxLength\":\"\",\"multiline\":\"\",\"initialRows\":\"4\"}', '2016-02-13 01:39:33', '2016-02-13 01:39:33', '9b9fe0b1-1c9c-461c-8307-9b1e9b58cadb'),
 ('14', '5', 'City/Zip', 'cityZip', 'global', '', '0', 'PlainText', '{\"placeholder\":\"\",\"maxLength\":\"\",\"multiline\":\"\",\"initialRows\":\"4\"}', '2016-02-13 01:40:16', '2016-02-13 01:40:16', 'afb1799c-83d2-43d3-8c84-850c47ad6981'),
 ('15', '5', 'Address', 'address', 'global', '', '0', 'RichText', '{\"configFile\":\"\",\"cleanupHtml\":\"1\",\"purifyHtml\":\"1\",\"columnType\":\"text\"}', '2016-02-13 01:42:16', '2016-02-13 01:49:32', 'a39d8812-6b68-4602-b3f0-c678f916b636'),
 ('16', '5', 'Social Url', 'socialUrl', 'global', 'enter web address for social icon link here', '0', 'PlainText', '{\"placeholder\":\"www.example.com\\/user\",\"maxLength\":\"\",\"multiline\":\"\",\"initialRows\":\"4\"}', '2016-02-13 01:52:21', '2016-02-13 01:52:21', 'e4a9e36e-dc7c-44f9-b23c-2245e1443d30'),
 ('17', '4', 'Modal Name', 'modalName', 'global', '**this can be anything, but is REQUIRED - this is so correct product information displays with the corresponding \'details\' button for the product modal.', '0', 'PlainText', '{\"placeholder\":\"\",\"maxLength\":\"\",\"multiline\":\"\",\"initialRows\":\"4\"}', '2016-02-14 05:37:46', '2016-03-28 02:49:28', '208a9d5a-8063-42f4-91fc-4ab552008d4d'),
 ('18', NULL, 'Name', 'name', 'amForms', NULL, '1', 'PlainText', NULL, '2016-02-14 19:41:41', '2016-02-14 19:41:41', '34096e57-c25b-4527-acbc-d89ffc21657d'),
 ('19', NULL, 'First name', 'firstName', 'amForms', NULL, '1', 'PlainText', NULL, '2016-02-14 19:41:41', '2016-02-14 19:41:41', 'a5494a7f-4510-478d-958d-73f0d9ad3e5d'),
 ('20', NULL, 'Last name', 'lastName', 'amForms', NULL, '1', 'PlainText', NULL, '2016-02-14 19:41:41', '2016-02-14 19:41:41', 'a054498e-4f4a-4b0b-9978-a555c123a376'),
 ('21', NULL, 'Website', 'website', 'amForms', NULL, '1', 'PlainText', NULL, '2016-02-14 19:41:41', '2016-02-14 19:41:41', '8ddbfc65-d353-442f-b105-8d45fd65027d'),
 ('22', NULL, 'Email address', 'emailAddress', 'amForms', NULL, '1', 'AmForms_Email', NULL, '2016-02-14 19:41:41', '2016-02-14 19:41:41', '9cf13ed1-6173-4e54-80a3-e8ee4e0e9b9c'),
 ('23', NULL, 'Telephone number', 'telephoneNumber', 'amForms', NULL, '1', 'PlainText', NULL, '2016-02-14 19:41:41', '2016-02-14 19:41:41', 'bfe8f29f-1bad-49b2-b974-83e66cd4cba6'),
 ('24', NULL, 'Mobile number', 'mobileNumber', 'amForms', NULL, '1', 'PlainText', NULL, '2016-02-14 19:41:41', '2016-02-14 19:41:41', '1e0d7959-706a-4634-95b9-50d93526a6fa'),
 ('25', NULL, 'Comment', 'comment', 'amForms', NULL, '1', 'PlainText', '{\"multiline\":1,\"initialRows\":4}', '2016-02-14 19:41:41', '2016-02-14 19:41:41', '81379904-2c2e-437e-81af-42ce5fa3df87'),
 ('26', NULL, 'Reaction', 'reaction', 'amForms', NULL, '1', 'PlainText', '{\"multiline\":1,\"initialRows\":4}', '2016-02-14 19:41:41', '2016-02-14 19:41:41', '767173ee-0620-46c7-9f80-1df62e072668'),
 ('27', NULL, 'Image', 'image', 'amForms', NULL, '0', 'Assets', '{\"restrictFiles\":1,\"allowedKinds\":[\"image\"],\"sources\":[\"folder:1\"],\"singleUploadLocationSource\":\"1\",\"defaultUploadLocationSource\":\"1\",\"limit\":1}', '2016-02-14 19:41:41', '2016-02-14 19:41:41', 'f55fdccc-b3f0-45da-836c-d6b4ce41ab31'),
 ('28', NULL, 'File', 'file', 'amForms', NULL, '0', 'Assets', '{\"sources\":[\"folder:1\"],\"singleUploadLocationSource\":\"1\",\"defaultUploadLocationSource\":\"1\",\"limit\":1}', '2016-02-14 19:41:41', '2016-02-14 19:41:41', 'b8e11a8c-b501-405b-8887-a18663703952'),
 ('29', '2', 'Events Info', 'eventsInfo', 'global', 'text that will display in modal when \"Learn More\" is clicked', '0', 'PlainText', '{\"placeholder\":\"\",\"maxLength\":\"\",\"multiline\":\"1\",\"initialRows\":\"4\"}', '2016-03-25 04:14:45', '2016-03-25 04:14:45', '51197133-2bf2-4095-8ce2-7bc40c27b2af'),
 ('30', NULL, 'Address', 'address', 'amForms', '', '0', 'PlainText', '{\"placeholder\":\"\",\"maxLength\":\"\",\"multiline\":\"\",\"initialRows\":\"4\"}', '2016-03-25 23:26:17', '2016-03-25 23:26:17', '7c424e43-d19f-4a1a-841c-505c1cfea5fe'),
 ('31', NULL, 'City', 'city', 'amForms', '', '0', 'PlainText', '{\"placeholder\":\"\",\"maxLength\":\"\",\"multiline\":\"\",\"initialRows\":\"4\"}', '2016-03-25 23:26:25', '2016-03-25 23:26:25', '7b09e261-8a53-42a1-9e08-b70a2e0c7d6c'),
 ('32', NULL, 'State', 'state', 'amForms', '', '0', 'PlainText', '{\"placeholder\":\"\",\"maxLength\":\"2\",\"multiline\":\"\",\"initialRows\":\"4\"}', '2016-03-25 23:27:07', '2016-03-26 00:34:01', '6a1249e0-e883-44f8-9c2a-3f360ef9a84a'),
 ('33', NULL, 'Zip Code', 'zipCode', 'amForms', '', '0', 'PlainText', '{\"placeholder\":\"\",\"maxLength\":\"5\",\"multiline\":\"\",\"initialRows\":\"4\"}', '2016-03-25 23:27:28', '2016-03-26 00:35:31', '661dedcc-0bbd-48f0-9ccc-bee6573fadbb'),
 ('34', '6', 'Heading', 'heading', 'global', 'The header text at top of the section', '0', 'PlainText', '{\"placeholder\":\"Heading\",\"maxLength\":\"\",\"multiline\":\"\",\"initialRows\":\"4\"}', '2016-03-29 21:31:21', '2016-03-29 21:31:21', '03ecf680-c2f8-4c2e-bc4b-54f8d20987b9'),
 ('35', '6', 'Second Line', 'secondLine', 'global', 'second line of text on the page', '0', 'PlainText', '{\"placeholder\":\"\",\"maxLength\":\"\",\"multiline\":\"\",\"initialRows\":\"4\"}', '2016-03-29 21:31:57', '2016-03-29 21:31:57', '026ff399-c9a3-4452-b694-15673e651d5a'),
 ('36', '6', 'Step 1', 'step1', 'global', '', '0', 'PlainText', '{\"placeholder\":\"\",\"maxLength\":\"\",\"multiline\":\"\",\"initialRows\":\"4\"}', '2016-03-29 21:37:28', '2016-03-29 21:37:28', '9d576b55-74ae-4d9a-b264-86aebf11470a'),
 ('37', '6', 'Step 2', 'step2', 'global', '', '0', 'PlainText', '{\"placeholder\":\"\",\"maxLength\":\"\",\"multiline\":\"\",\"initialRows\":\"4\"}', '2016-03-29 21:37:34', '2016-03-29 21:37:34', '8511f7df-7566-47ac-9716-f47719b51ff6'),
 ('38', '6', 'Step 3', 'step3', 'global', '', '0', 'PlainText', '{\"placeholder\":\"\",\"maxLength\":\"\",\"multiline\":\"\",\"initialRows\":\"4\"}', '2016-03-29 21:37:39', '2016-03-29 21:37:39', '774e0838-df20-459b-a191-726fd5db39b3'),
 ('39', '6', 'Step 4', 'step4', 'global', '', '0', 'PlainText', '{\"placeholder\":\"\",\"maxLength\":\"\",\"multiline\":\"\",\"initialRows\":\"4\"}', '2016-03-29 21:37:44', '2016-03-29 21:37:44', 'f16b344a-3f6c-42be-8a91-4179aec2e052'),
 ('40', '6', 'More Help Info', 'moreHelpInfo', 'global', 'paragraph for get help page after the steps for help listing', '0', 'PlainText', '{\"placeholder\":\"\",\"maxLength\":\"\",\"multiline\":\"1\",\"initialRows\":\"4\"}', '2016-03-29 21:39:13', '2016-03-29 21:39:13', '0833f62c-3d00-4511-913b-94dfc23fa056'),
 ('41', '6', 'Aside Section Top', 'asideSectionTop', 'global', 'informational text', '0', 'PlainText', '{\"placeholder\":\"\",\"maxLength\":\"\",\"multiline\":\"1\",\"initialRows\":\"3\"}', '2016-03-29 21:43:27', '2016-03-29 21:43:47', '5679d554-40da-4330-b9b3-b63bf32cbf53'),
 ('42', '6', 'Aside Section Bottom', 'asideSectionBottom', 'global', 'informational text', '0', 'PlainText', '{\"placeholder\":\"\",\"maxLength\":\"\",\"multiline\":\"1\",\"initialRows\":\"3\"}', '2016-03-29 21:44:07', '2016-03-29 21:44:07', '04c6bd12-5403-4bc9-89ec-2bdafd50307b'),
 ('43', '6', 'Crisis Hotline Phone Number', 'crisisHotlinePhoneNumber', 'global', 'phone number for Crisis Hotline', '0', 'PlainText', '{\"placeholder\":\"\",\"maxLength\":\"\",\"multiline\":\"\",\"initialRows\":\"4\"}', '2016-03-29 21:44:33', '2016-03-29 21:45:14', '2641e863-a9fe-4ecb-b6d5-2e0ca2919cc1'),
 ('44', '6', 'ROFHF Phone Number', 'rofhfPhoneNumber', 'global', '', '0', 'PlainText', '{\"placeholder\":\"\",\"maxLength\":\"\",\"multiline\":\"\",\"initialRows\":\"4\"}', '2016-03-29 21:45:04', '2016-03-29 21:45:04', 'c2f752e6-4593-4436-ab57-c38040677404'),
 ('45', '5', 'Thank You Paragraph', 'thankYouParagraph', 'global', 'type for thank you page after a form submission.', '0', 'PlainText', '{\"placeholder\":\"\",\"maxLength\":\"\",\"multiline\":\"1\",\"initialRows\":\"4\"}', '2016-04-03 19:24:20', '2016-04-03 19:24:20', '38b383b8-92b6-4d56-89dd-f8fc4b758863');



DROP TABLE IF EXISTS `craft_globalsets`;


--
-- Schema for table `craft_globalsets`
--
CREATE TABLE `craft_globalsets` (
  `id` int(11) NOT NULL,
  `name` varchar(255) COLLATE utf8_unicode_ci NOT NULL,
  `handle` varchar(255) COLLATE utf8_unicode_ci NOT NULL,
  `fieldLayoutId` int(10) DEFAULT NULL,
  `dateCreated` datetime NOT NULL,
  `dateUpdated` datetime NOT NULL,
  `uid` char(36) COLLATE utf8_unicode_ci NOT NULL DEFAULT '0',
  PRIMARY KEY (`id`),
  UNIQUE KEY `craft_globalsets_name_unq_idx` (`name`),
  UNIQUE KEY `craft_globalsets_handle_unq_idx` (`handle`),
  KEY `craft_globalsets_fieldLayoutId_fk` (`fieldLayoutId`)
) ENGINE=InnoDB DEFAULT CHARSET=utf8 COLLATE=utf8_unicode_ci;

--
-- Data for table `craft_globalsets`
--

INSERT INTO `craft_globalsets` (`id`, `name`, `handle`, `fieldLayoutId`, `dateCreated`, `dateUpdated`, `uid`) VALUES
 ('19', 'Social Links', 'socialLinks', '31', '2016-02-13 01:51:30', '2016-02-13 01:52:47', '7e392a01-71a4-46e5-bb29-ba3e54cada2e');



DROP TABLE IF EXISTS `craft_info`;


--
-- Schema for table `craft_info`
--
CREATE TABLE `craft_info` (
  `id` int(11) NOT NULL AUTO_INCREMENT,
  `version` varchar(15) COLLATE utf8_unicode_ci NOT NULL,
  `build` int(11) unsigned NOT NULL,
  `schemaVersion` varchar(15) COLLATE utf8_unicode_ci NOT NULL,
  `releaseDate` datetime NOT NULL,
  `edition` tinyint(1) unsigned NOT NULL DEFAULT '0',
  `siteName` varchar(100) COLLATE utf8_unicode_ci NOT NULL,
  `siteUrl` varchar(255) COLLATE utf8_unicode_ci NOT NULL,
  `timezone` varchar(30) COLLATE utf8_unicode_ci DEFAULT NULL,
  `on` tinyint(1) unsigned NOT NULL DEFAULT '0',
  `maintenance` tinyint(1) unsigned NOT NULL DEFAULT '0',
  `track` varchar(40) COLLATE utf8_unicode_ci NOT NULL,
  `dateCreated` datetime NOT NULL,
  `dateUpdated` datetime NOT NULL,
  `uid` char(36) COLLATE utf8_unicode_ci NOT NULL DEFAULT '0',
  PRIMARY KEY (`id`)
) ENGINE=InnoDB AUTO_INCREMENT=2 DEFAULT CHARSET=utf8 COLLATE=utf8_unicode_ci;

--
-- Data for table `craft_info`
--

INSERT INTO `craft_info` (`id`, `version`, `build`, `schemaVersion`, `releaseDate`, `edition`, `siteName`, `siteUrl`, `timezone`, `on`, `maintenance`, `track`, `dateCreated`, `dateUpdated`, `uid`) VALUES
 ('1', '2.6', '2779', '2.6.3', '2016-03-28 21:47:21', '0', 'Mikel Fruits Reach Out For Help Foundation', 'http://mikelfruitsrofhf.dev', 'UTC', '1', '0', 'stable', '2016-01-28 15:30:37', '2016-04-03 22:36:18', 'a922bf94-fde6-4656-aced-7ce6208f953b');



DROP TABLE IF EXISTS `craft_locales`;


--
-- Schema for table `craft_locales`
--
CREATE TABLE `craft_locales` (
  `locale` char(12) COLLATE utf8_unicode_ci NOT NULL,
  `sortOrder` smallint(6) unsigned DEFAULT NULL,
  `dateCreated` datetime NOT NULL,
  `dateUpdated` datetime NOT NULL,
  `uid` char(36) COLLATE utf8_unicode_ci NOT NULL DEFAULT '0',
  PRIMARY KEY (`locale`),
  KEY `craft_locales_sortOrder_idx` (`sortOrder`)
) ENGINE=InnoDB DEFAULT CHARSET=utf8 COLLATE=utf8_unicode_ci;

--
-- Data for table `craft_locales`
--

INSERT INTO `craft_locales` (`locale`, `sortOrder`, `dateCreated`, `dateUpdated`, `uid`) VALUES
 ('en_us', '1', '2016-01-28 15:30:38', '2016-01-28 15:30:38', '5c86ef73-75d0-4aee-a411-c095ac8c5973');



DROP TABLE IF EXISTS `craft_matrixblocks`;


--
-- Schema for table `craft_matrixblocks`
--
CREATE TABLE `craft_matrixblocks` (
  `id` int(11) NOT NULL,
  `ownerId` int(11) NOT NULL,
  `fieldId` int(11) NOT NULL,
  `typeId` int(11) DEFAULT NULL,
  `sortOrder` smallint(6) unsigned DEFAULT NULL,
  `ownerLocale` char(12) COLLATE utf8_unicode_ci DEFAULT NULL,
  `dateCreated` datetime NOT NULL,
  `dateUpdated` datetime NOT NULL,
  `uid` char(36) COLLATE utf8_unicode_ci NOT NULL DEFAULT '0',
  PRIMARY KEY (`id`),
  KEY `craft_matrixblocks_ownerId_idx` (`ownerId`),
  KEY `craft_matrixblocks_fieldId_idx` (`fieldId`),
  KEY `craft_matrixblocks_typeId_idx` (`typeId`),
  KEY `craft_matrixblocks_sortOrder_idx` (`sortOrder`),
  KEY `craft_matrixblocks_ownerLocale_fk` (`ownerLocale`)
) ENGINE=InnoDB DEFAULT CHARSET=utf8 COLLATE=utf8_unicode_ci;

DROP TABLE IF EXISTS `craft_matrixblocktypes`;


--
-- Schema for table `craft_matrixblocktypes`
--
CREATE TABLE `craft_matrixblocktypes` (
  `id` int(11) NOT NULL AUTO_INCREMENT,
  `fieldId` int(11) NOT NULL,
  `fieldLayoutId` int(11) DEFAULT NULL,
  `name` varchar(255) COLLATE utf8_unicode_ci NOT NULL,
  `handle` varchar(255) COLLATE utf8_unicode_ci NOT NULL,
  `sortOrder` smallint(6) unsigned DEFAULT NULL,
  `dateCreated` datetime NOT NULL,
  `dateUpdated` datetime NOT NULL,
  `uid` char(36) COLLATE utf8_unicode_ci NOT NULL DEFAULT '0',
  PRIMARY KEY (`id`),
  UNIQUE KEY `craft_matrixblocktypes_name_fieldId_unq_idx` (`name`,`fieldId`),
  UNIQUE KEY `craft_matrixblocktypes_handle_fieldId_unq_idx` (`handle`,`fieldId`),
  KEY `craft_matrixblocktypes_fieldId_fk` (`fieldId`),
  KEY `craft_matrixblocktypes_fieldLayoutId_fk` (`fieldLayoutId`)
) ENGINE=InnoDB DEFAULT CHARSET=utf8 COLLATE=utf8_unicode_ci;

DROP TABLE IF EXISTS `craft_migrations`;


--
-- Schema for table `craft_migrations`
--
CREATE TABLE `craft_migrations` (
  `id` int(11) NOT NULL AUTO_INCREMENT,
  `pluginId` int(11) DEFAULT NULL,
  `version` varchar(255) COLLATE utf8_unicode_ci NOT NULL,
  `applyTime` datetime NOT NULL,
  `dateCreated` datetime NOT NULL,
  `dateUpdated` datetime NOT NULL,
  `uid` char(36) COLLATE utf8_unicode_ci NOT NULL DEFAULT '0',
  PRIMARY KEY (`id`),
  UNIQUE KEY `craft_migrations_version_unq_idx` (`version`),
  KEY `craft_migrations_pluginId_fk` (`pluginId`)
) ENGINE=InnoDB AUTO_INCREMENT=42 DEFAULT CHARSET=utf8 COLLATE=utf8_unicode_ci;

--
-- Data for table `craft_migrations`
--

INSERT INTO `craft_migrations` (`id`, `pluginId`, `version`, `applyTime`, `dateCreated`, `dateUpdated`, `uid`) VALUES
 ('1', NULL, 'm000000_000000_base', '2016-01-28 15:30:38', '2016-01-28 15:30:38', '2016-01-28 15:30:38', '8cf66000-62ec-48b3-909b-f36a9b03a248'),
 ('2', NULL, 'm140730_000001_add_filename_and_format_to_transformindex', '2016-01-28 15:30:38', '2016-01-28 15:30:38', '2016-01-28 15:30:38', '494be617-2d10-4b12-be21-e8d230813c48'),
 ('3', NULL, 'm140815_000001_add_format_to_transforms', '2016-01-28 15:30:38', '2016-01-28 15:30:38', '2016-01-28 15:30:38', '94214da0-863d-4bfb-8893-dd75dde9e865'),
 ('4', NULL, 'm140822_000001_allow_more_than_128_items_per_field', '2016-01-28 15:30:38', '2016-01-28 15:30:38', '2016-01-28 15:30:38', '0c8f2f45-d2fc-4f8c-9ec3-97620eb1ab6d'),
 ('5', NULL, 'm140829_000001_single_title_formats', '2016-01-28 15:30:38', '2016-01-28 15:30:38', '2016-01-28 15:30:38', 'f86421f3-2fc8-4ad8-8dc4-285af4040b01'),
 ('6', NULL, 'm140831_000001_extended_cache_keys', '2016-01-28 15:30:38', '2016-01-28 15:30:38', '2016-01-28 15:30:38', 'fff9e1e0-73b4-43e8-96eb-d9491d0bd7c9'),
 ('7', NULL, 'm140922_000001_delete_orphaned_matrix_blocks', '2016-01-28 15:30:38', '2016-01-28 15:30:38', '2016-01-28 15:30:38', '0075763e-f187-4d26-bea1-6e1d95ae3467'),
 ('8', NULL, 'm141008_000001_elements_index_tune', '2016-01-28 15:30:38', '2016-01-28 15:30:38', '2016-01-28 15:30:38', '3590a53b-7ebe-450a-b207-ce5fd75a7fb2'),
 ('9', NULL, 'm141009_000001_assets_source_handle', '2016-01-28 15:30:38', '2016-01-28 15:30:38', '2016-01-28 15:30:38', '1cef9906-5c91-4f4c-98f5-71d574f5724f'),
 ('10', NULL, 'm141024_000001_field_layout_tabs', '2016-01-28 15:30:38', '2016-01-28 15:30:38', '2016-01-28 15:30:38', '6beff5a9-703d-4b5b-afbd-258f97481a09'),
 ('11', NULL, 'm141030_000000_plugin_schema_versions', '2016-01-28 15:30:38', '2016-01-28 15:30:38', '2016-01-28 15:30:38', '5db7a906-3fa7-488b-9ff3-756556a8de15'),
 ('12', NULL, 'm141030_000001_drop_structure_move_permission', '2016-01-28 15:30:38', '2016-01-28 15:30:38', '2016-01-28 15:30:38', 'c8f43ed8-7b86-4465-9ad9-190780eb472d'),
 ('13', NULL, 'm141103_000001_tag_titles', '2016-01-28 15:30:38', '2016-01-28 15:30:38', '2016-01-28 15:30:38', 'b352c56b-a5af-47ec-879d-4e0ef9cd9f8b'),
 ('14', NULL, 'm141109_000001_user_status_shuffle', '2016-01-28 15:30:38', '2016-01-28 15:30:38', '2016-01-28 15:30:38', 'e88dc8ee-c631-42cb-800c-48cad107df7f'),
 ('15', NULL, 'm141126_000001_user_week_start_day', '2016-01-28 15:30:38', '2016-01-28 15:30:38', '2016-01-28 15:30:38', '0d558d9f-04a0-4647-bd9e-ae158d25dd12'),
 ('16', NULL, 'm150210_000001_adjust_user_photo_size', '2016-01-28 15:30:38', '2016-01-28 15:30:38', '2016-01-28 15:30:38', '0355f8e9-262b-46ca-9549-be1747dbf63d'),
 ('17', NULL, 'm150724_000001_adjust_quality_settings', '2016-01-28 15:30:38', '2016-01-28 15:30:38', '2016-01-28 15:30:38', '89ecb827-0779-4d6d-9831-b80db15431e4'),
 ('18', NULL, 'm150827_000000_element_index_settings', '2016-01-28 15:30:38', '2016-01-28 15:30:38', '2016-01-28 15:30:38', '01514aec-0497-4d4a-8fc9-764b50d2a45d'),
 ('19', NULL, 'm150918_000001_add_colspan_to_widgets', '2016-01-28 15:30:38', '2016-01-28 15:30:38', '2016-01-28 15:30:38', 'cc0d8e5c-ab66-4548-9b3a-f6873eb73698'),
 ('20', NULL, 'm151007_000000_clear_asset_caches', '2016-01-28 15:30:38', '2016-01-28 15:30:38', '2016-01-28 15:30:38', '20c7ef61-275e-43f2-9c87-75e859407afe'),
 ('21', NULL, 'm151109_000000_text_url_formats', '2016-01-28 15:30:38', '2016-01-28 15:30:38', '2016-01-28 15:30:38', '075e71ab-9d5e-4170-8d16-2e90bde2945d'),
 ('22', NULL, 'm151110_000000_move_logo', '2016-01-28 15:30:38', '2016-01-28 15:30:38', '2016-01-28 15:30:38', '24ff4a20-f4b9-434f-a658-b271b6f9b687'),
 ('23', NULL, 'm151117_000000_adjust_image_widthheight', '2016-01-28 15:30:38', '2016-01-28 15:30:38', '2016-01-28 15:30:38', '1a509d4c-56f2-4a79-9bda-546dc65eaa18'),
 ('24', NULL, 'm151127_000000_clear_license_key_status', '2016-01-28 15:30:38', '2016-01-28 15:30:38', '2016-01-28 15:30:38', '736502bc-891f-40f9-a4f8-21dc57fa05d3'),
 ('25', NULL, 'm151127_000000_plugin_license_keys', '2016-01-28 15:30:38', '2016-01-28 15:30:38', '2016-01-28 15:30:38', '3b3d21fe-210c-4e2b-ab7d-430ea210a733'),
 ('26', NULL, 'm151130_000000_update_pt_widget_feeds', '2016-01-28 15:30:38', '2016-01-28 15:30:38', '2016-01-28 15:30:38', '6e06d799-6cee-4a83-894e-95576e8a53de'),
 ('27', '2', 'm150723_112500_amForms_redirectUriToRelation', '2016-02-14 19:41:40', '2016-02-14 19:41:40', '2016-02-14 19:41:40', '703668b3-352a-4308-af3b-19aab4bfd59c'),
 ('28', '2', 'm150803_092200_amForms_exportCriteria', '2016-02-14 19:41:40', '2016-02-14 19:41:40', '2016-02-14 19:41:40', 'e8762463-9b89-4dee-a424-4e53af4be363'),
 ('29', '2', 'm150804_155300_amForms_exportName', '2016-02-14 19:41:40', '2016-02-14 19:41:40', '2016-02-14 19:41:40', '4e615d6c-9315-46d5-b166-7c839e26a996'),
 ('30', '2', 'm150811_122900_amForms_settingsAndSubmissionsUpdate', '2016-02-14 19:41:40', '2016-02-14 19:41:40', '2016-02-14 19:41:40', 'c9f1db98-6505-4dce-9e82-64ad98a62778'),
 ('31', '2', 'm150828_104500_amForms_exportOneSubmission', '2016-02-14 19:41:40', '2016-02-14 19:41:40', '2016-02-14 19:41:40', 'd3cf65f5-4e28-47cf-9360-0ffaaeccbee7'),
 ('32', '2', 'm150924_123000_amForms_addAssetsToNotification', '2016-02-14 19:41:40', '2016-02-14 19:41:40', '2016-02-14 19:41:40', 'f73effc5-2e60-4a45-b82f-ce2a486ee80a'),
 ('33', '2', 'm151009_122433_amforms_addGlobalTemplateSettings', '2016-02-14 19:41:40', '2016-02-14 19:41:40', '2016-02-14 19:41:40', 'e350b2c4-1236-420b-b38d-bf0b855ba022'),
 ('34', '2', 'm151012_115314_amforms_addAfterSubmitTextToForm', '2016-02-14 19:41:40', '2016-02-14 19:41:40', '2016-02-14 19:41:40', 'f94e8972-8693-4329-aa0e-304d4da3315b'),
 ('35', '2', 'm151015_114827_amforms_addSendCopyToForm', '2016-02-14 19:41:40', '2016-02-14 19:41:40', '2016-02-14 19:41:40', 'aa22ef69-4581-4539-b69b-d73f749c3e5e'),
 ('36', '2', 'm151222_111300_amforms_addDelimiterSetting', '2016-02-14 19:41:40', '2016-02-14 19:41:40', '2016-02-14 19:41:40', '0881e4ac-b043-41c3-8ccb-83739f4de2f9'),
 ('37', NULL, 'm160114_000000_asset_sources_public_url_default_true', '2016-04-03 22:36:17', '2016-04-03 22:36:17', '2016-04-03 22:36:17', '1578dc35-5857-4c6a-92da-0b37dc4e2602'),
 ('38', NULL, 'm160223_000000_sortorder_to_smallint', '2016-04-03 22:36:18', '2016-04-03 22:36:18', '2016-04-03 22:36:18', 'dc788015-d269-4001-a1dd-478989e21a98'),
 ('39', NULL, 'm160229_000000_set_default_entry_statuses', '2016-04-03 22:36:18', '2016-04-03 22:36:18', '2016-04-03 22:36:18', '3b1e27ed-8bcb-457e-a2f6-6572ccefd92b'),
 ('40', NULL, 'm160304_000000_client_permissions', '2016-04-03 22:36:18', '2016-04-03 22:36:18', '2016-04-03 22:36:18', '9e0c7763-1611-485b-b83a-95cfdfff23d1'),
 ('41', NULL, 'm160322_000000_asset_filesize', '2016-04-03 22:36:18', '2016-04-03 22:36:18', '2016-04-03 22:36:18', 'db9061d3-31ad-4e8e-b8fa-f8f1f83256da');



DROP TABLE IF EXISTS `craft_plugins`;


--
-- Schema for table `craft_plugins`
--
CREATE TABLE `craft_plugins` (
  `id` int(11) NOT NULL AUTO_INCREMENT,
  `class` varchar(150) COLLATE utf8_unicode_ci NOT NULL,
  `version` varchar(15) COLLATE utf8_unicode_ci NOT NULL,
  `schemaVersion` varchar(15) COLLATE utf8_unicode_ci DEFAULT NULL,
  `licenseKey` char(24) COLLATE utf8_unicode_ci DEFAULT NULL,
  `licenseKeyStatus` enum('valid','invalid','mismatched','unknown') COLLATE utf8_unicode_ci NOT NULL DEFAULT 'unknown',
  `enabled` tinyint(1) unsigned NOT NULL DEFAULT '0',
  `settings` text COLLATE utf8_unicode_ci,
  `installDate` datetime NOT NULL,
  `dateCreated` datetime NOT NULL,
  `dateUpdated` datetime NOT NULL,
  `uid` char(36) COLLATE utf8_unicode_ci NOT NULL DEFAULT '0',
  PRIMARY KEY (`id`)
) ENGINE=InnoDB AUTO_INCREMENT=3 DEFAULT CHARSET=utf8 COLLATE=utf8_unicode_ci;

--
-- Data for table `craft_plugins`
--

INSERT INTO `craft_plugins` (`id`, `class`, `version`, `schemaVersion`, `licenseKey`, `licenseKeyStatus`, `enabled`, `settings`, `installDate`, `dateCreated`, `dateUpdated`, `uid`) VALUES
 ('1', 'ContactForm', '1.7.0', '1.0.0', NULL, 'unknown', '1', '{\"toEmail\":\"mfeeney3@me.com\",\"prependSender\":\"On behalf of\",\"prependSubject\":\"New message from Mikel Fruits Reach Out For Help Foundation\",\"allowAttachments\":\"\",\"honeypotField\":\"\'honeypot field\'\",\"successFlashMessage\":\"Success! Your message has been sent.\"}', '2016-02-14 19:07:57', '2016-02-14 19:07:57', '2016-02-14 19:09:16', 'dd9c6a97-c17d-42d1-8643-2047b595e061'),
 ('2', 'AmForms', '1.3.5', '1.3.4', NULL, 'unknown', '1', '[]', '2016-02-14 19:41:40', '2016-02-14 19:41:40', '2016-04-03 22:36:28', '825fe0b6-9015-4d34-8640-6020ab7e1ee9');



DROP TABLE IF EXISTS `craft_rackspaceaccess`;


--
-- Schema for table `craft_rackspaceaccess`
--
CREATE TABLE `craft_rackspaceaccess` (
  `id` int(11) NOT NULL AUTO_INCREMENT,
  `connectionKey` varchar(255) COLLATE utf8_unicode_ci NOT NULL,
  `token` varchar(255) COLLATE utf8_unicode_ci NOT NULL,
  `storageUrl` varchar(255) COLLATE utf8_unicode_ci NOT NULL,
  `cdnUrl` varchar(255) COLLATE utf8_unicode_ci NOT NULL,
  `dateCreated` datetime NOT NULL,
  `dateUpdated` datetime NOT NULL,
  `uid` char(36) COLLATE utf8_unicode_ci NOT NULL DEFAULT '0',
  PRIMARY KEY (`id`),
  UNIQUE KEY `craft_rackspaceaccess_connectionKey_unq_idx` (`connectionKey`)
) ENGINE=InnoDB DEFAULT CHARSET=utf8 COLLATE=utf8_unicode_ci;

DROP TABLE IF EXISTS `craft_relations`;


--
-- Schema for table `craft_relations`
--
CREATE TABLE `craft_relations` (
  `id` int(11) NOT NULL AUTO_INCREMENT,
  `fieldId` int(11) NOT NULL,
  `sourceId` int(11) NOT NULL,
  `sourceLocale` char(12) COLLATE utf8_unicode_ci DEFAULT NULL,
  `targetId` int(11) NOT NULL,
  `sortOrder` smallint(6) DEFAULT NULL,
  `dateCreated` datetime NOT NULL,
  `dateUpdated` datetime NOT NULL,
  `uid` char(36) COLLATE utf8_unicode_ci NOT NULL DEFAULT '0',
  PRIMARY KEY (`id`),
  UNIQUE KEY `craft_relations_fieldId_sourceId_sourceLocale_targetId_unq_idx` (`fieldId`,`sourceId`,`sourceLocale`,`targetId`),
  KEY `craft_relations_sourceId_fk` (`sourceId`),
  KEY `craft_relations_sourceLocale_fk` (`sourceLocale`),
  KEY `craft_relations_targetId_fk` (`targetId`)
) ENGINE=InnoDB AUTO_INCREMENT=108 DEFAULT CHARSET=utf8 COLLATE=utf8_unicode_ci;

--
-- Data for table `craft_relations`
--

INSERT INTO `craft_relations` (`id`, `fieldId`, `sourceId`, `sourceLocale`, `targetId`, `sortOrder`, `dateCreated`, `dateUpdated`, `uid`) VALUES
 ('49', '6', '19', NULL, '21', '1', '2016-02-13 01:53:12', '2016-02-13 01:53:12', '8a826728-34d7-46d3-9f9d-26f27081e00f'),
 ('62', '6', '7', NULL, '12', '1', '2016-02-14 22:25:21', '2016-02-14 22:25:21', '140731fe-3b11-4a9d-98eb-a2bdaea67f86'),
 ('63', '6', '6', NULL, '18', '1', '2016-02-14 22:32:51', '2016-02-14 22:32:51', '10acf0f4-4d40-416f-8ee3-8065e16bce1a'),
 ('64', '6', '8', NULL, '18', '1', '2016-02-14 22:33:01', '2016-02-14 22:33:01', '78373b7a-1192-4582-8127-bd14ad81ece4'),
 ('68', '6', '27', NULL, '16', '1', '2016-02-18 23:38:02', '2016-02-18 23:38:02', '15817c30-d930-41b5-bdbe-c720b98add8e'),
 ('89', '6', '9', NULL, '14', '1', '2016-03-25 04:15:33', '2016-03-25 04:15:33', 'c80f7e0d-1534-4a0c-9020-f6aa26f259f2'),
 ('90', '6', '9', NULL, '33', '2', '2016-03-25 04:15:33', '2016-03-25 04:15:33', '779af597-8fb5-4919-97a4-103e49768386'),
 ('100', '6', '2', NULL, '40', '1', '2016-03-28 02:51:35', '2016-03-28 02:51:35', 'c25d266c-b8ea-4029-98ec-56b43d03e7cb'),
 ('101', '6', '2', NULL, '41', '2', '2016-03-28 02:51:35', '2016-03-28 02:51:35', '7286bcb7-2b7b-4b42-b69d-2151f0aae0e7'),
 ('102', '6', '2', NULL, '42', '3', '2016-03-28 02:51:35', '2016-03-28 02:51:35', 'a0aaf614-ff66-466d-b197-c609d7866a9a'),
 ('103', '6', '2', NULL, '43', '4', '2016-03-28 02:51:35', '2016-03-28 02:51:35', '7b00a9ee-7680-4e4a-98aa-26a6ae26c9c3'),
 ('104', '6', '2', NULL, '44', '5', '2016-03-28 02:51:35', '2016-03-28 02:51:35', '83c5b091-6196-45e4-9f12-dd4941be2485'),
 ('105', '6', '2', NULL, '45', '6', '2016-03-28 02:51:35', '2016-03-28 02:51:35', '272e5018-0890-4771-9965-d173a82eae97'),
 ('106', '6', '2', NULL, '46', '7', '2016-03-28 02:51:35', '2016-03-28 02:51:35', '47c58c1c-6396-4793-a768-1f20b0931db3'),
 ('107', '6', '10', NULL, '33', '1', '2016-04-03 20:04:47', '2016-04-03 20:04:47', 'f63b1af6-5298-4f82-b602-7a8110f38adf');



DROP TABLE IF EXISTS `craft_routes`;


--
-- Schema for table `craft_routes`
--
CREATE TABLE `craft_routes` (
  `id` int(11) NOT NULL AUTO_INCREMENT,
  `locale` char(12) COLLATE utf8_unicode_ci DEFAULT NULL,
  `urlParts` varchar(255) COLLATE utf8_unicode_ci NOT NULL,
  `urlPattern` varchar(255) COLLATE utf8_unicode_ci NOT NULL,
  `template` varchar(255) COLLATE utf8_unicode_ci NOT NULL,
  `sortOrder` smallint(6) unsigned DEFAULT NULL,
  `dateCreated` datetime NOT NULL,
  `dateUpdated` datetime NOT NULL,
  `uid` char(36) COLLATE utf8_unicode_ci NOT NULL DEFAULT '0',
  PRIMARY KEY (`id`),
  UNIQUE KEY `craft_routes_urlPattern_unq_idx` (`urlPattern`),
  KEY `craft_routes_locale_idx` (`locale`)
) ENGINE=InnoDB DEFAULT CHARSET=utf8 COLLATE=utf8_unicode_ci;

DROP TABLE IF EXISTS `craft_searchindex`;


--
-- Schema for table `craft_searchindex`
--
CREATE TABLE `craft_searchindex` (
  `elementId` int(11) NOT NULL,
  `attribute` varchar(25) COLLATE utf8_unicode_ci NOT NULL,
  `fieldId` int(11) NOT NULL,
  `locale` char(12) COLLATE utf8_unicode_ci NOT NULL,
  `keywords` text COLLATE utf8_unicode_ci NOT NULL,
  PRIMARY KEY (`elementId`,`attribute`,`fieldId`,`locale`),
  FULLTEXT KEY `craft_searchindex_keywords_idx` (`keywords`)
) ENGINE=MyISAM DEFAULT CHARSET=utf8 COLLATE=utf8_unicode_ci;

--
-- Data for table `craft_searchindex`
--

INSERT INTO `craft_searchindex` (`elementId`, `attribute`, `fieldId`, `locale`, `keywords`) VALUES
 ('1', 'username', '0', 'en_us', ' admin '),
 ('1', 'firstname', '0', 'en_us', ''),
 ('1', 'lastname', '0', 'en_us', ''),
 ('1', 'fullname', '0', 'en_us', ''),
 ('1', 'email', '0', 'en_us', ' mjfeeney3 gmail com '),
 ('1', 'slug', '0', 'en_us', ''),
 ('2', 'slug', '0', 'en_us', ' homepage '),
 ('2', 'title', '0', 'en_us', ' homepage '),
 ('2', 'field', '1', 'en_us', ' it s true this site doesn t have a whole lot of content yet but don t worry our web developers have just installed the cms and they re setting things up for the content editors this very moment soon mikelfruitsrofhf dev will be an oasis of fresh perspectives sharp analyses and astute opinions that will keep you coming back again and again '),
 ('10', 'slug', '0', 'en_us', ' 3rd annual charity golf outing '),
 ('9', 'field', '3', 'en_us', ' 2016 01 30 '),
 ('9', 'field', '5', 'en_us', ' southern bowl '),
 ('10', 'title', '0', 'en_us', ' 3rd annual charity golf outing '),
 ('6', 'slug', '0', 'en_us', ' baseball cap '),
 ('6', 'title', '0', 'en_us', ' baseball cap '),
 ('10', 'field', '5', 'en_us', ' southern dunes '),
 ('9', 'field', '4', 'en_us', ' 12 30 pm '),
 ('9', 'slug', '0', 'en_us', ' 5th annual charity bowling event '),
 ('9', 'title', '0', 'en_us', ' 5th annual charity bowling event '),
 ('10', 'field', '3', 'en_us', ' 2016 07 26 '),
 ('10', 'field', '4', 'en_us', ' 12 30 pm '),
 ('7', 'slug', '0', 'en_us', ' dri fit polo '),
 ('7', 'title', '0', 'en_us', ' dri fit polo '),
 ('8', 'slug', '0', 'en_us', ' mfrofhf wristbands '),
 ('8', 'title', '0', 'en_us', ' mfrofhf wristbands '),
 ('2', 'field', '7', 'en_us', ' lorem ipsum dolor sit amet consectetur adipiscing elit donec a diam lectus sed sit amet ipsum mauris maecenas congue ligula ac quam viverra nec consectetur ante hendrerit donec et mollis dolor praesent et diam eget libero egestas mattis sit amet vitae augue nam tincidunt congue enim ut porta lorem lacinia consectetur donec sed odio eros donec viverra mi quis quam pulvinar at malesuada arcu rhoncus cum sociis natoque penatibus et magnis dis parturient montes nascetur ridiculus mus in rutrum accumsan ultricies mauris vitae nisi at sem facilisis semper ac in est donec ut libero sed arcu vehicula ultricies a non tortor lorem ipsum dolor sit amet consectetur adipiscing elit aenean ut gravida lorem ut turpis felis pulvinar a semper sed adipiscing id dolor pellentesque auctor nisi id magna consequat sagittis '),
 ('10', 'field', '6', 'en_us', ' golf '),
 ('2', 'field', '6', 'en_us', ' 1200x768 a 1200x768 b 1200x768 c 1200x768 d 1200x768 e 1200x768 f 1200x768 h '),
 ('12', 'field', '6', 'en_us', ''),
 ('12', 'filename', '0', 'en_us', ' mf_polo png '),
 ('12', 'extension', '0', 'en_us', ' png '),
 ('12', 'kind', '0', 'en_us', ' image '),
 ('12', 'slug', '0', 'en_us', ' mf polo '),
 ('12', 'title', '0', 'en_us', ' mf polo '),
 ('7', 'field', '9', 'en_us', ' lorem ipsum dolor sit amet consectetur adipiscing elit donec a diam lectus sed sit amet ipsum mauris maecenas congue ligula ac quam viverra nec consectetur ante hendrerit great for golf '),
 ('9', 'field', '6', 'en_us', ' event1 golf '),
 ('14', 'field', '6', 'en_us', ''),
 ('14', 'filename', '0', 'en_us', ' event1 jpg '),
 ('14', 'extension', '0', 'en_us', ' jpg '),
 ('14', 'kind', '0', 'en_us', ' image '),
 ('14', 'slug', '0', 'en_us', ' event1 '),
 ('14', 'title', '0', 'en_us', ' event1 '),
 ('7', 'field', '8', 'en_us', ' $30 '),
 ('6', 'field', '8', 'en_us', ' $20 '),
 ('16', 'field', '6', 'en_us', ''),
 ('16', 'filename', '0', 'en_us', ' woman_ocean jpg '),
 ('16', 'extension', '0', 'en_us', ' jpg '),
 ('16', 'kind', '0', 'en_us', ' image '),
 ('16', 'slug', '0', 'en_us', ' woman ocean '),
 ('16', 'title', '0', 'en_us', ' woman ocean '),
 ('6', 'field', '9', 'en_us', ' lorem ipsum dolor sit amet consectetur adipiscing elit maecenas congue ligula ac quam viverra nec consectetur ante hendrerit '),
 ('8', 'field', '8', 'en_us', ' $5 '),
 ('8', 'field', '9', 'en_us', ' lorem ipsum dolor sit amet consectetur adipiscing elit donec a diam lectus sed sit amet ipsum mauris '),
 ('2', 'field', '10', 'en_us', ' ane ipsum dolor sit amet consectetur adipiscing elit donec a diam lectus sed sit amet ipsum mauris maecenas congue ligula ac quam viverra nec consectetur ante hendrerit donec et mollis dolor '),
 ('7', 'field', '6', 'en_us', ' mf polo '),
 ('6', 'field', '6', 'en_us', ' mf hat '),
 ('18', 'field', '6', 'en_us', ''),
 ('18', 'filename', '0', 'en_us', ' mf_hat png '),
 ('18', 'extension', '0', 'en_us', ' png '),
 ('18', 'kind', '0', 'en_us', ' image '),
 ('18', 'slug', '0', 'en_us', ' mf hat '),
 ('18', 'title', '0', 'en_us', ' mf hat '),
 ('2', 'field', '12', 'en_us', ' lorem ipsum dolor sit amet consectetur adipiscing elit donec a diam lectus sed sit amet ipsum mauris donec a diam lectus sed sit amet ipsum mauris lorem ipsum dolor sit amet consectetur adipiscing elit donec a diam lectus sed sit amet ipsum mauris donec a diam lectus sed sit amet ipsum mauris donec a diam lectus sed sit amet ipsum mauris don t be ashamed to reach out for help '),
 ('2', 'field', '11', 'en_us', ' 317 946 2579 '),
 ('2', 'field', '13', 'en_us', ' po box 148 '),
 ('2', 'field', '14', 'en_us', ' indianapolis in 46203 '),
 ('2', 'field', '15', 'en_us', ' po box 148 indianapolis in 46203 '),
 ('19', 'field', '6', 'en_us', ' facebook icon '),
 ('19', 'slug', '0', 'en_us', ''),
 ('19', 'field', '16', 'en_us', ' www facebook com '),
 ('7', 'field', '17', 'en_us', ' polo '),
 ('6', 'field', '17', 'en_us', ' baseballcap '),
 ('21', 'field', '6', 'en_us', ''),
 ('21', 'filename', '0', 'en_us', ' facebook_icon png '),
 ('21', 'extension', '0', 'en_us', ' png '),
 ('21', 'kind', '0', 'en_us', ' image '),
 ('21', 'slug', '0', 'en_us', ' facebook icon '),
 ('21', 'title', '0', 'en_us', ' facebook icon '),
 ('8', 'field', '6', 'en_us', ' mf hat '),
 ('8', 'field', '17', 'en_us', ' wristbands '),
 ('22', 'name', '0', 'en_us', ' contact '),
 ('22', 'handle', '0', 'en_us', ' contact '),
 ('22', 'slug', '0', 'en_us', ''),
 ('76', 'kind', '0', 'en_us', ' image '),
 ('76', 'slug', '0', 'en_us', ' mf main background '),
 ('76', 'title', '0', 'en_us', ' mf main background '),
 ('76', 'field', '6', 'en_us', ''),
 ('76', 'filename', '0', 'en_us', ' mf_mainbackground png '),
 ('76', 'extension', '0', 'en_us', ' png '),
 ('75', 'slug', '0', 'en_us', ' heart hands '),
 ('75', 'title', '0', 'en_us', ' heart hands '),
 ('75', 'kind', '0', 'en_us', ' image '),
 ('75', 'filename', '0', 'en_us', ' heart_hands png '),
 ('75', 'extension', '0', 'en_us', ' png '),
 ('75', 'field', '6', 'en_us', ''),
 ('74', 'slug', '0', 'en_us', ' twitter icon '),
 ('74', 'title', '0', 'en_us', ' twitter icon '),
 ('74', 'filename', '0', 'en_us', ' twitter_icon png '),
 ('74', 'extension', '0', 'en_us', ' png '),
 ('74', 'kind', '0', 'en_us', ' image ');
INSERT INTO `craft_searchindex` (`elementId`, `attribute`, `fieldId`, `locale`, `keywords`) VALUES
 ('74', 'field', '6', 'en_us', ''),
 ('73', 'title', '0', 'en_us', ' mf logo '),
 ('73', 'slug', '0', 'en_us', ' mf logo '),
 ('73', 'kind', '0', 'en_us', ' image '),
 ('27', 'slug', '0', 'en_us', ' get help '),
 ('27', 'title', '0', 'en_us', ' get help '),
 ('27', 'field', '1', 'en_us', ' single page for get help link '),
 ('27', 'field', '6', 'en_us', ' woman ocean '),
 ('28', 'field', '6', 'en_us', ''),
 ('28', 'filename', '0', 'en_us', ' facebok png '),
 ('28', 'extension', '0', 'en_us', ' png '),
 ('28', 'kind', '0', 'en_us', ' image '),
 ('28', 'slug', '0', 'en_us', ' facebok '),
 ('28', 'title', '0', 'en_us', ' facebok '),
 ('29', 'field', '6', 'en_us', ''),
 ('29', 'filename', '0', 'en_us', ' instagram png '),
 ('29', 'extension', '0', 'en_us', ' png '),
 ('29', 'kind', '0', 'en_us', ' image '),
 ('29', 'slug', '0', 'en_us', ' instagram '),
 ('29', 'title', '0', 'en_us', ' instagram '),
 ('30', 'field', '6', 'en_us', ''),
 ('30', 'filename', '0', 'en_us', ' mf_icon png '),
 ('30', 'extension', '0', 'en_us', ' png '),
 ('30', 'kind', '0', 'en_us', ' image '),
 ('30', 'slug', '0', 'en_us', ' mf icon '),
 ('30', 'title', '0', 'en_us', ' mf icon '),
 ('31', 'field', '6', 'en_us', ''),
 ('31', 'filename', '0', 'en_us', ' twitter png '),
 ('31', 'extension', '0', 'en_us', ' png '),
 ('31', 'kind', '0', 'en_us', ' image '),
 ('31', 'slug', '0', 'en_us', ' twitter '),
 ('31', 'title', '0', 'en_us', ' twitter '),
 ('32', 'field', '6', 'en_us', ''),
 ('32', 'filename', '0', 'en_us', ' main_background jpg '),
 ('32', 'extension', '0', 'en_us', ' jpg '),
 ('32', 'kind', '0', 'en_us', ' image '),
 ('32', 'slug', '0', 'en_us', ' main background '),
 ('32', 'title', '0', 'en_us', ' main background '),
 ('33', 'field', '6', 'en_us', ''),
 ('33', 'filename', '0', 'en_us', ' golf png '),
 ('33', 'extension', '0', 'en_us', ' png '),
 ('33', 'kind', '0', 'en_us', ' image '),
 ('33', 'slug', '0', 'en_us', ' golf '),
 ('33', 'title', '0', 'en_us', ' golf '),
 ('73', 'extension', '0', 'en_us', ' png '),
 ('73', 'filename', '0', 'en_us', ' mf_logo png '),
 ('73', 'field', '6', 'en_us', ''),
 ('72', 'title', '0', 'en_us', ' linked in icon '),
 ('72', 'slug', '0', 'en_us', ' linked in icon '),
 ('72', 'extension', '0', 'en_us', ' png '),
 ('72', 'kind', '0', 'en_us', ' image '),
 ('72', 'field', '6', 'en_us', ''),
 ('72', 'filename', '0', 'en_us', ' linkedin_icon png '),
 ('40', 'field', '6', 'en_us', ''),
 ('40', 'filename', '0', 'en_us', ' 1200x768_a jpg '),
 ('40', 'extension', '0', 'en_us', ' jpg '),
 ('40', 'kind', '0', 'en_us', ' image '),
 ('40', 'slug', '0', 'en_us', ' 1200x768 a '),
 ('40', 'title', '0', 'en_us', ' 1200x768 a '),
 ('41', 'field', '6', 'en_us', ''),
 ('41', 'filename', '0', 'en_us', ' 1200x768_b jpg '),
 ('41', 'extension', '0', 'en_us', ' jpg '),
 ('41', 'kind', '0', 'en_us', ' image '),
 ('41', 'slug', '0', 'en_us', ' 1200x768 b '),
 ('41', 'title', '0', 'en_us', ' 1200x768 b '),
 ('42', 'field', '6', 'en_us', ''),
 ('42', 'filename', '0', 'en_us', ' 1200x768_c jpg '),
 ('42', 'extension', '0', 'en_us', ' jpg '),
 ('42', 'kind', '0', 'en_us', ' image '),
 ('42', 'slug', '0', 'en_us', ' 1200x768 c '),
 ('42', 'title', '0', 'en_us', ' 1200x768 c '),
 ('43', 'field', '6', 'en_us', ''),
 ('43', 'filename', '0', 'en_us', ' 1200x768_d jpg '),
 ('43', 'extension', '0', 'en_us', ' jpg '),
 ('43', 'kind', '0', 'en_us', ' image '),
 ('43', 'slug', '0', 'en_us', ' 1200x768 d '),
 ('43', 'title', '0', 'en_us', ' 1200x768 d '),
 ('44', 'field', '6', 'en_us', ''),
 ('44', 'filename', '0', 'en_us', ' 1200x768_e jpg '),
 ('44', 'extension', '0', 'en_us', ' jpg '),
 ('44', 'kind', '0', 'en_us', ' image '),
 ('44', 'slug', '0', 'en_us', ' 1200x768 e '),
 ('44', 'title', '0', 'en_us', ' 1200x768 e '),
 ('45', 'field', '6', 'en_us', ''),
 ('45', 'filename', '0', 'en_us', ' 1200x768_f jpg '),
 ('45', 'extension', '0', 'en_us', ' jpg '),
 ('45', 'kind', '0', 'en_us', ' image '),
 ('45', 'slug', '0', 'en_us', ' 1200x768 f '),
 ('45', 'title', '0', 'en_us', ' 1200x768 f '),
 ('46', 'field', '6', 'en_us', ''),
 ('46', 'filename', '0', 'en_us', ' 1200x768_h jpg '),
 ('46', 'extension', '0', 'en_us', ' jpg '),
 ('46', 'kind', '0', 'en_us', ' image '),
 ('46', 'slug', '0', 'en_us', ' 1200x768 h '),
 ('46', 'title', '0', 'en_us', ' 1200x768 h '),
 ('9', 'field', '17', 'en_us', ' bowling '),
 ('10', 'field', '17', 'en_us', ' golf '),
 ('9', 'field', '29', 'en_us', ' donec ut libero sed arcu vehicula ultricies a non tortor lorem ipsum dolor sit amet consectetur adipiscing elit aenean ut gravida lorem ut turpis felis pulvinar a semper sed adipiscing id dolor pellentesque auctor nisi id magna consequat sagittis '),
 ('10', 'field', '29', 'en_us', ' vehicula ultricies a non tortor lorem ipsum dolor sit amet consectetur adipiscing elit aenean ut gravida lorem ut turpis felis pulvinar a semper sed adipiscing id dolor pellentesque auctor nisi id magna consequat sagittis '),
 ('69', 'title', '0', 'en_us', ' thank you ');
INSERT INTO `craft_searchindex` (`elementId`, `attribute`, `fieldId`, `locale`, `keywords`) VALUES
 ('27', 'field', '44', 'en_us', ' 317 428 9133 '),
 ('27', 'field', '43', 'en_us', ' 317 251 7575 '),
 ('71', 'title', '0', 'en_us', ' background '),
 ('71', 'slug', '0', 'en_us', ' background '),
 ('71', 'kind', '0', 'en_us', ' image '),
 ('71', 'extension', '0', 'en_us', ' png '),
 ('71', 'filename', '0', 'en_us', ' background png '),
 ('71', 'field', '6', 'en_us', ''),
 ('70', 'slug', '0', 'en_us', ''),
 ('70', 'formname', '0', 'en_us', ''),
 ('70', 'title', '0', 'en_us', ' first test last test '),
 ('70', 'id', '0', 'en_us', ' 70 '),
 ('70', 'field', '25', 'en_us', ' test meassdfklsalge '),
 ('70', 'field', '23', 'en_us', ' 444 444 4444 '),
 ('70', 'field', '22', 'en_us', ' test testing com '),
 ('70', 'field', '20', 'en_us', ' last test '),
 ('70', 'field', '19', 'en_us', ' first test '),
 ('69', 'field', '45', 'en_us', ' thank you for your submission we will be in touch shorty '),
 ('27', 'field', '35', 'en_us', ' asking for help is as simple as these 4 steps '),
 ('68', 'field', '23', 'en_us', ' 333 333 3333 '),
 ('68', 'field', '19', 'en_us', ' first '),
 ('68', 'field', '20', 'en_us', ' last '),
 ('27', 'field', '34', 'en_us', ' we are here for you '),
 ('69', 'slug', '0', 'en_us', ' thank you '),
 ('68', 'field', '22', 'en_us', ' test me com '),
 ('68', 'field', '25', 'en_us', ' tst messsagagggge '),
 ('68', 'id', '0', 'en_us', ' 68 '),
 ('68', 'title', '0', 'en_us', ' test me com '),
 ('68', 'formname', '0', 'en_us', ''),
 ('68', 'slug', '0', 'en_us', ''),
 ('59', 'name', '0', 'en_us', ' get help '),
 ('59', 'handle', '0', 'en_us', ' gethelp '),
 ('59', 'slug', '0', 'en_us', ''),
 ('27', 'field', '37', 'en_us', ' choose a counselor on your own or we can refer one '),
 ('27', 'field', '42', 'en_us', ' in case of emergency you may call the 24 hr crisis hotline at '),
 ('27', 'field', '36', 'en_us', ' fill out the short application below '),
 ('27', 'field', '38', 'en_us', ' make an appointment '),
 ('27', 'field', '39', 'en_us', ' once application is filled send in '),
 ('27', 'field', '40', 'en_us', ' ipsum dolor sit amet consectetur adipiscing elit donec a diam lectus sed sit amet ipsum mauris maecenas congue ligula ac quam viverra nec consectetur ante hendrerit donec et mollis dolor praesent et diam eget libero egestas mattis sit amet vitae augue nam tincidunt congue enim ut porta lorem lacinia consectetur '),
 ('27', 'field', '41', 'en_us', ' if you have any questions you may call us between the hours of 8 00 a m and 8 00 p m at ');



DROP TABLE IF EXISTS `craft_sections`;


--
-- Schema for table `craft_sections`
--
CREATE TABLE `craft_sections` (
  `id` int(11) NOT NULL AUTO_INCREMENT,
  `structureId` int(11) DEFAULT NULL,
  `name` varchar(255) COLLATE utf8_unicode_ci NOT NULL,
  `handle` varchar(255) COLLATE utf8_unicode_ci NOT NULL,
  `type` enum('single','channel','structure') COLLATE utf8_unicode_ci NOT NULL DEFAULT 'channel',
  `hasUrls` tinyint(1) unsigned NOT NULL DEFAULT '1',
  `template` varchar(500) COLLATE utf8_unicode_ci DEFAULT NULL,
  `enableVersioning` tinyint(1) unsigned NOT NULL DEFAULT '0',
  `dateCreated` datetime NOT NULL,
  `dateUpdated` datetime NOT NULL,
  `uid` char(36) COLLATE utf8_unicode_ci NOT NULL DEFAULT '0',
  PRIMARY KEY (`id`),
  UNIQUE KEY `craft_sections_name_unq_idx` (`name`),
  UNIQUE KEY `craft_sections_handle_unq_idx` (`handle`),
  KEY `craft_sections_structureId_fk` (`structureId`)
) ENGINE=InnoDB AUTO_INCREMENT=6 DEFAULT CHARSET=utf8 COLLATE=utf8_unicode_ci;

--
-- Data for table `craft_sections`
--

INSERT INTO `craft_sections` (`id`, `structureId`, `name`, `handle`, `type`, `hasUrls`, `template`, `enableVersioning`, `dateCreated`, `dateUpdated`, `uid`) VALUES
 ('1', NULL, 'Homepage', 'homepage', 'single', '1', 'index', '1', '2016-01-28 15:30:42', '2016-01-28 15:30:42', '0e91700d-94c1-4a5c-8147-612ae0938a9d'),
 ('2', NULL, 'Events', 'events', 'channel', '1', 'events/_entry', '1', '2016-01-28 15:30:42', '2016-02-06 19:34:09', '87294d6f-1845-4f05-88bd-c185313cee96'),
 ('3', NULL, 'Products', 'products', 'channel', '1', 'products/_entry', '1', '2016-02-07 00:18:00', '2016-02-07 00:18:00', 'c8000dbf-32c3-4f0a-9e92-7ec4f84a6547'),
 ('4', NULL, 'Get Help', 'getHelp', 'single', '1', 'get-help', '1', '2016-02-18 23:25:13', '2016-02-18 23:37:39', 'bb490706-d787-4573-8eae-97d7864a1d31'),
 ('5', NULL, 'Thank You', 'thankYou', 'single', '1', 'thank-you', '1', '2016-04-03 19:23:07', '2016-04-03 19:23:07', '3a651fc1-8dce-4ae6-afd9-240101be7345');



DROP TABLE IF EXISTS `craft_sections_i18n`;


--
-- Schema for table `craft_sections_i18n`
--
CREATE TABLE `craft_sections_i18n` (
  `id` int(11) NOT NULL AUTO_INCREMENT,
  `sectionId` int(11) NOT NULL,
  `locale` char(12) COLLATE utf8_unicode_ci NOT NULL,
  `enabledByDefault` tinyint(1) unsigned NOT NULL DEFAULT '1',
  `urlFormat` text COLLATE utf8_unicode_ci,
  `nestedUrlFormat` text COLLATE utf8_unicode_ci,
  `dateCreated` datetime NOT NULL,
  `dateUpdated` datetime NOT NULL,
  `uid` char(36) COLLATE utf8_unicode_ci NOT NULL DEFAULT '0',
  PRIMARY KEY (`id`),
  UNIQUE KEY `craft_sections_i18n_sectionId_locale_unq_idx` (`sectionId`,`locale`),
  KEY `craft_sections_i18n_locale_fk` (`locale`)
) ENGINE=InnoDB AUTO_INCREMENT=6 DEFAULT CHARSET=utf8 COLLATE=utf8_unicode_ci;

--
-- Data for table `craft_sections_i18n`
--

INSERT INTO `craft_sections_i18n` (`id`, `sectionId`, `locale`, `enabledByDefault`, `urlFormat`, `nestedUrlFormat`, `dateCreated`, `dateUpdated`, `uid`) VALUES
 ('1', '1', 'en_us', '1', '__home__', NULL, '2016-01-28 15:30:42', '2016-04-03 22:36:18', '52642f5f-7a95-4a04-a030-3491d072efbe'),
 ('2', '2', 'en_us', '1', 'events/{postDate.year}/{slug}', NULL, '2016-01-28 15:30:42', '2016-04-03 22:36:18', '7c507d0d-c347-4274-8af3-730d05faaaa0'),
 ('3', '3', 'en_us', '1', 'products/{slug}', NULL, '2016-02-07 00:18:00', '2016-04-03 22:36:18', '67636d09-ffb8-4a45-b9a6-e19dc0f071c2'),
 ('4', '4', 'en_us', '1', 'get-help', NULL, '2016-02-18 23:25:13', '2016-04-03 22:36:18', '6c0cc2e3-3dd6-492c-b6c1-910628e8e464'),
 ('5', '5', 'en_us', '1', 'thank-you', NULL, '2016-04-03 19:23:07', '2016-04-03 22:36:18', 'bdb59f06-3afb-445c-9f93-0bf1ea222d22');



DROP TABLE IF EXISTS `craft_sessions`;


--
-- Schema for table `craft_sessions`
--
CREATE TABLE `craft_sessions` (
  `id` int(11) NOT NULL AUTO_INCREMENT,
  `userId` int(11) NOT NULL,
  `token` char(100) COLLATE utf8_unicode_ci NOT NULL,
  `dateCreated` datetime NOT NULL,
  `dateUpdated` datetime NOT NULL,
  `uid` char(36) COLLATE utf8_unicode_ci NOT NULL DEFAULT '0',
  PRIMARY KEY (`id`),
  KEY `craft_sessions_uid_idx` (`uid`),
  KEY `craft_sessions_token_idx` (`token`),
  KEY `craft_sessions_dateUpdated_idx` (`dateUpdated`),
  KEY `craft_sessions_userId_fk` (`userId`)
) ENGINE=InnoDB AUTO_INCREMENT=27 DEFAULT CHARSET=utf8 COLLATE=utf8_unicode_ci;

DROP TABLE IF EXISTS `craft_shunnedmessages`;


--
-- Schema for table `craft_shunnedmessages`
--
CREATE TABLE `craft_shunnedmessages` (
  `id` int(11) NOT NULL AUTO_INCREMENT,
  `userId` int(11) NOT NULL,
  `message` varchar(255) COLLATE utf8_unicode_ci NOT NULL,
  `expiryDate` datetime DEFAULT NULL,
  `dateCreated` datetime NOT NULL,
  `dateUpdated` datetime NOT NULL,
  `uid` char(36) COLLATE utf8_unicode_ci NOT NULL DEFAULT '0',
  PRIMARY KEY (`id`),
  UNIQUE KEY `craft_shunnedmessages_userId_message_unq_idx` (`userId`,`message`)
) ENGINE=InnoDB DEFAULT CHARSET=utf8 COLLATE=utf8_unicode_ci;

DROP TABLE IF EXISTS `craft_structureelements`;


--
-- Schema for table `craft_structureelements`
--
CREATE TABLE `craft_structureelements` (
  `id` int(11) NOT NULL AUTO_INCREMENT,
  `structureId` int(11) NOT NULL,
  `elementId` int(11) DEFAULT NULL,
  `root` int(11) unsigned DEFAULT NULL,
  `lft` int(11) unsigned NOT NULL,
  `rgt` int(11) unsigned NOT NULL,
  `level` smallint(6) unsigned NOT NULL,
  `dateCreated` datetime NOT NULL,
  `dateUpdated` datetime NOT NULL,
  `uid` char(36) COLLATE utf8_unicode_ci NOT NULL DEFAULT '0',
  PRIMARY KEY (`id`),
  UNIQUE KEY `craft_structureelements_structureId_elementId_unq_idx` (`structureId`,`elementId`),
  KEY `craft_structureelements_root_idx` (`root`),
  KEY `craft_structureelements_lft_idx` (`lft`),
  KEY `craft_structureelements_rgt_idx` (`rgt`),
  KEY `craft_structureelements_level_idx` (`level`),
  KEY `craft_structureelements_elementId_fk` (`elementId`)
) ENGINE=InnoDB DEFAULT CHARSET=utf8 COLLATE=utf8_unicode_ci;

DROP TABLE IF EXISTS `craft_structures`;


--
-- Schema for table `craft_structures`
--
CREATE TABLE `craft_structures` (
  `id` int(11) NOT NULL AUTO_INCREMENT,
  `maxLevels` smallint(6) unsigned DEFAULT NULL,
  `dateCreated` datetime NOT NULL,
  `dateUpdated` datetime NOT NULL,
  `uid` char(36) COLLATE utf8_unicode_ci NOT NULL DEFAULT '0',
  PRIMARY KEY (`id`)
) ENGINE=InnoDB DEFAULT CHARSET=utf8 COLLATE=utf8_unicode_ci;

DROP TABLE IF EXISTS `craft_systemsettings`;


--
-- Schema for table `craft_systemsettings`
--
CREATE TABLE `craft_systemsettings` (
  `id` int(11) NOT NULL AUTO_INCREMENT,
  `category` varchar(15) COLLATE utf8_unicode_ci NOT NULL,
  `settings` text COLLATE utf8_unicode_ci,
  `dateCreated` datetime NOT NULL,
  `dateUpdated` datetime NOT NULL,
  `uid` char(36) COLLATE utf8_unicode_ci NOT NULL DEFAULT '0',
  PRIMARY KEY (`id`),
  UNIQUE KEY `craft_systemsettings_category_unq_idx` (`category`)
) ENGINE=InnoDB AUTO_INCREMENT=2 DEFAULT CHARSET=utf8 COLLATE=utf8_unicode_ci;

--
-- Data for table `craft_systemsettings`
--

INSERT INTO `craft_systemsettings` (`id`, `category`, `settings`, `dateCreated`, `dateUpdated`, `uid`) VALUES
 ('1', 'email', '{\"protocol\":\"gmail\",\"emailAddress\":\"mjfeeney3@gmail.com\",\"senderName\":\"Mikel Fruits Reach Out For Help Foundation\",\"host\":\"smtp.gmail.com\",\"smtpAuth\":1,\"smtpSecureTransportType\":\"ssl\",\"username\":\"mjfeeney3@gmail.com\",\"password\":\"Dave364041\",\"port\":\"465\",\"timeout\":\"30\"}', '2016-01-28 15:30:42', '2016-03-25 22:56:45', '1f1e611e-7899-461d-929e-bd3d5504860e');



DROP TABLE IF EXISTS `craft_taggroups`;


--
-- Schema for table `craft_taggroups`
--
CREATE TABLE `craft_taggroups` (
  `id` int(11) NOT NULL AUTO_INCREMENT,
  `name` varchar(255) COLLATE utf8_unicode_ci NOT NULL,
  `handle` varchar(255) COLLATE utf8_unicode_ci NOT NULL,
  `fieldLayoutId` int(10) DEFAULT NULL,
  `dateCreated` datetime NOT NULL,
  `dateUpdated` datetime NOT NULL,
  `uid` char(36) COLLATE utf8_unicode_ci NOT NULL DEFAULT '0',
  PRIMARY KEY (`id`),
  UNIQUE KEY `craft_taggroups_name_unq_idx` (`name`),
  UNIQUE KEY `craft_taggroups_handle_unq_idx` (`handle`),
  KEY `craft_taggroups_fieldLayoutId_fk` (`fieldLayoutId`)
) ENGINE=InnoDB AUTO_INCREMENT=2 DEFAULT CHARSET=utf8 COLLATE=utf8_unicode_ci;

--
-- Data for table `craft_taggroups`
--

INSERT INTO `craft_taggroups` (`id`, `name`, `handle`, `fieldLayoutId`, `dateCreated`, `dateUpdated`, `uid`) VALUES
 ('1', 'Default', 'default', '1', '2016-01-28 15:30:42', '2016-01-28 15:30:42', 'ff05e452-ba4f-4c99-8f6b-c3b64d7652c2');



DROP TABLE IF EXISTS `craft_tags`;


--
-- Schema for table `craft_tags`
--
CREATE TABLE `craft_tags` (
  `id` int(11) NOT NULL,
  `groupId` int(11) NOT NULL,
  `dateCreated` datetime NOT NULL,
  `dateUpdated` datetime NOT NULL,
  `uid` char(36) COLLATE utf8_unicode_ci NOT NULL DEFAULT '0',
  PRIMARY KEY (`id`),
  KEY `craft_tags_groupId_fk` (`groupId`)
) ENGINE=InnoDB DEFAULT CHARSET=utf8 COLLATE=utf8_unicode_ci;

DROP TABLE IF EXISTS `craft_tasks`;


--
-- Schema for table `craft_tasks`
--
CREATE TABLE `craft_tasks` (
  `id` int(11) NOT NULL AUTO_INCREMENT,
  `root` int(11) unsigned DEFAULT NULL,
  `lft` int(11) unsigned NOT NULL,
  `rgt` int(11) unsigned NOT NULL,
  `level` smallint(6) unsigned NOT NULL,
  `currentStep` int(11) unsigned DEFAULT NULL,
  `totalSteps` int(11) unsigned DEFAULT NULL,
  `status` enum('pending','error','running') COLLATE utf8_unicode_ci DEFAULT NULL,
  `type` varchar(150) COLLATE utf8_unicode_ci NOT NULL,
  `description` varchar(255) COLLATE utf8_unicode_ci DEFAULT NULL,
  `settings` text COLLATE utf8_unicode_ci,
  `dateCreated` datetime NOT NULL,
  `dateUpdated` datetime NOT NULL,
  `uid` char(36) COLLATE utf8_unicode_ci NOT NULL DEFAULT '0',
  PRIMARY KEY (`id`),
  KEY `craft_tasks_root_idx` (`root`),
  KEY `craft_tasks_lft_idx` (`lft`),
  KEY `craft_tasks_rgt_idx` (`rgt`),
  KEY `craft_tasks_level_idx` (`level`)
) ENGINE=InnoDB AUTO_INCREMENT=68 DEFAULT CHARSET=utf8 COLLATE=utf8_unicode_ci;

DROP TABLE IF EXISTS `craft_templatecachecriteria`;


--
-- Schema for table `craft_templatecachecriteria`
--
CREATE TABLE `craft_templatecachecriteria` (
  `id` int(11) NOT NULL AUTO_INCREMENT,
  `cacheId` int(11) NOT NULL,
  `type` varchar(150) COLLATE utf8_unicode_ci NOT NULL,
  `criteria` text COLLATE utf8_unicode_ci NOT NULL,
  PRIMARY KEY (`id`),
  KEY `craft_templatecachecriteria_cacheId_fk` (`cacheId`),
  KEY `craft_templatecachecriteria_type_idx` (`type`)
) ENGINE=InnoDB DEFAULT CHARSET=utf8 COLLATE=utf8_unicode_ci;

DROP TABLE IF EXISTS `craft_templatecacheelements`;


--
-- Schema for table `craft_templatecacheelements`
--
CREATE TABLE `craft_templatecacheelements` (
  `cacheId` int(11) NOT NULL,
  `elementId` int(11) NOT NULL,
  KEY `craft_templatecacheelements_cacheId_fk` (`cacheId`),
  KEY `craft_templatecacheelements_elementId_fk` (`elementId`)
) ENGINE=InnoDB DEFAULT CHARSET=utf8 COLLATE=utf8_unicode_ci;

DROP TABLE IF EXISTS `craft_templatecaches`;


--
-- Schema for table `craft_templatecaches`
--
CREATE TABLE `craft_templatecaches` (
  `id` int(11) NOT NULL AUTO_INCREMENT,
  `cacheKey` varchar(255) COLLATE utf8_unicode_ci NOT NULL,
  `locale` char(12) COLLATE utf8_unicode_ci NOT NULL,
  `path` varchar(255) COLLATE utf8_unicode_ci DEFAULT NULL,
  `expiryDate` datetime NOT NULL,
  `body` mediumtext COLLATE utf8_unicode_ci NOT NULL,
  PRIMARY KEY (`id`),
  KEY `craft_templatecaches_expiryDate_cacheKey_locale_path_idx` (`expiryDate`,`cacheKey`,`locale`,`path`),
  KEY `craft_templatecaches_locale_fk` (`locale`)
) ENGINE=InnoDB DEFAULT CHARSET=utf8 COLLATE=utf8_unicode_ci;

DROP TABLE IF EXISTS `craft_tokens`;


--
-- Schema for table `craft_tokens`
--
CREATE TABLE `craft_tokens` (
  `id` int(11) NOT NULL AUTO_INCREMENT,
  `token` char(32) COLLATE utf8_unicode_ci NOT NULL,
  `route` text COLLATE utf8_unicode_ci,
  `usageLimit` tinyint(3) unsigned DEFAULT NULL,
  `usageCount` tinyint(3) unsigned DEFAULT NULL,
  `expiryDate` datetime NOT NULL,
  `dateCreated` datetime NOT NULL,
  `dateUpdated` datetime NOT NULL,
  `uid` char(36) COLLATE utf8_unicode_ci NOT NULL DEFAULT '0',
  PRIMARY KEY (`id`),
  UNIQUE KEY `craft_tokens_token_unq_idx` (`token`),
  KEY `craft_tokens_expiryDate_idx` (`expiryDate`)
) ENGINE=InnoDB DEFAULT CHARSET=utf8 COLLATE=utf8_unicode_ci;

DROP TABLE IF EXISTS `craft_usergroups`;


--
-- Schema for table `craft_usergroups`
--
CREATE TABLE `craft_usergroups` (
  `id` int(11) NOT NULL AUTO_INCREMENT,
  `name` varchar(255) COLLATE utf8_unicode_ci NOT NULL,
  `handle` varchar(255) COLLATE utf8_unicode_ci NOT NULL,
  `dateCreated` datetime NOT NULL,
  `dateUpdated` datetime NOT NULL,
  `uid` char(36) COLLATE utf8_unicode_ci NOT NULL DEFAULT '0',
  PRIMARY KEY (`id`)
) ENGINE=InnoDB DEFAULT CHARSET=utf8 COLLATE=utf8_unicode_ci;

DROP TABLE IF EXISTS `craft_usergroups_users`;


--
-- Schema for table `craft_usergroups_users`
--
CREATE TABLE `craft_usergroups_users` (
  `id` int(11) NOT NULL AUTO_INCREMENT,
  `groupId` int(11) NOT NULL,
  `userId` int(11) NOT NULL,
  `dateCreated` datetime NOT NULL,
  `dateUpdated` datetime NOT NULL,
  `uid` char(36) COLLATE utf8_unicode_ci NOT NULL DEFAULT '0',
  PRIMARY KEY (`id`),
  UNIQUE KEY `craft_usergroups_users_groupId_userId_unq_idx` (`groupId`,`userId`),
  KEY `craft_usergroups_users_userId_fk` (`userId`)
) ENGINE=InnoDB DEFAULT CHARSET=utf8 COLLATE=utf8_unicode_ci;

DROP TABLE IF EXISTS `craft_userpermissions`;


--
-- Schema for table `craft_userpermissions`
--
CREATE TABLE `craft_userpermissions` (
  `id` int(11) NOT NULL AUTO_INCREMENT,
  `name` varchar(255) COLLATE utf8_unicode_ci NOT NULL,
  `dateCreated` datetime NOT NULL,
  `dateUpdated` datetime NOT NULL,
  `uid` char(36) COLLATE utf8_unicode_ci NOT NULL DEFAULT '0',
  PRIMARY KEY (`id`),
  UNIQUE KEY `craft_userpermissions_name_unq_idx` (`name`)
) ENGINE=InnoDB DEFAULT CHARSET=utf8 COLLATE=utf8_unicode_ci;

DROP TABLE IF EXISTS `craft_userpermissions_usergroups`;


--
-- Schema for table `craft_userpermissions_usergroups`
--
CREATE TABLE `craft_userpermissions_usergroups` (
  `id` int(11) NOT NULL AUTO_INCREMENT,
  `permissionId` int(11) NOT NULL,
  `groupId` int(11) NOT NULL,
  `dateCreated` datetime NOT NULL,
  `dateUpdated` datetime NOT NULL,
  `uid` char(36) COLLATE utf8_unicode_ci NOT NULL DEFAULT '0',
  PRIMARY KEY (`id`),
  UNIQUE KEY `craft_userpermissions_usergroups_permissionId_groupId_unq_idx` (`permissionId`,`groupId`),
  KEY `craft_userpermissions_usergroups_groupId_fk` (`groupId`)
) ENGINE=InnoDB DEFAULT CHARSET=utf8 COLLATE=utf8_unicode_ci;

DROP TABLE IF EXISTS `craft_userpermissions_users`;


--
-- Schema for table `craft_userpermissions_users`
--
CREATE TABLE `craft_userpermissions_users` (
  `id` int(11) NOT NULL AUTO_INCREMENT,
  `permissionId` int(11) NOT NULL,
  `userId` int(11) NOT NULL,
  `dateCreated` datetime NOT NULL,
  `dateUpdated` datetime NOT NULL,
  `uid` char(36) COLLATE utf8_unicode_ci NOT NULL DEFAULT '0',
  PRIMARY KEY (`id`),
  UNIQUE KEY `craft_userpermissions_users_permissionId_userId_unq_idx` (`permissionId`,`userId`),
  KEY `craft_userpermissions_users_userId_fk` (`userId`)
) ENGINE=InnoDB DEFAULT CHARSET=utf8 COLLATE=utf8_unicode_ci;

DROP TABLE IF EXISTS `craft_users`;


--
-- Schema for table `craft_users`
--
CREATE TABLE `craft_users` (
  `id` int(11) NOT NULL,
  `username` varchar(100) COLLATE utf8_unicode_ci NOT NULL,
  `photo` varchar(100) COLLATE utf8_unicode_ci DEFAULT NULL,
  `firstName` varchar(100) COLLATE utf8_unicode_ci DEFAULT NULL,
  `lastName` varchar(100) COLLATE utf8_unicode_ci DEFAULT NULL,
  `email` varchar(255) COLLATE utf8_unicode_ci NOT NULL,
  `password` char(255) COLLATE utf8_unicode_ci DEFAULT NULL,
  `preferredLocale` char(12) COLLATE utf8_unicode_ci DEFAULT NULL,
  `weekStartDay` tinyint(1) unsigned NOT NULL DEFAULT '0',
  `admin` tinyint(1) unsigned NOT NULL DEFAULT '0',
  `client` tinyint(1) unsigned NOT NULL DEFAULT '0',
  `locked` tinyint(1) unsigned NOT NULL DEFAULT '0',
  `suspended` tinyint(1) unsigned NOT NULL DEFAULT '0',
  `pending` tinyint(1) unsigned NOT NULL DEFAULT '0',
  `archived` tinyint(1) unsigned NOT NULL DEFAULT '0',
  `lastLoginDate` datetime DEFAULT NULL,
  `lastLoginAttemptIPAddress` varchar(45) COLLATE utf8_unicode_ci DEFAULT NULL,
  `invalidLoginWindowStart` datetime DEFAULT NULL,
  `invalidLoginCount` tinyint(4) unsigned DEFAULT NULL,
  `lastInvalidLoginDate` datetime DEFAULT NULL,
  `lockoutDate` datetime DEFAULT NULL,
  `verificationCode` char(100) COLLATE utf8_unicode_ci DEFAULT NULL,
  `verificationCodeIssuedDate` datetime DEFAULT NULL,
  `unverifiedEmail` varchar(255) COLLATE utf8_unicode_ci DEFAULT NULL,
  `passwordResetRequired` tinyint(1) unsigned NOT NULL DEFAULT '0',
  `lastPasswordChangeDate` datetime DEFAULT NULL,
  `dateCreated` datetime NOT NULL,
  `dateUpdated` datetime NOT NULL,
  `uid` char(36) COLLATE utf8_unicode_ci NOT NULL DEFAULT '0',
  PRIMARY KEY (`id`),
  UNIQUE KEY `craft_users_username_unq_idx` (`username`),
  UNIQUE KEY `craft_users_email_unq_idx` (`email`),
  KEY `craft_users_verificationCode_idx` (`verificationCode`),
  KEY `craft_users_uid_idx` (`uid`),
  KEY `craft_users_preferredLocale_fk` (`preferredLocale`)
) ENGINE=InnoDB DEFAULT CHARSET=utf8 COLLATE=utf8_unicode_ci;

--
-- Data for table `craft_users`
--

INSERT INTO `craft_users` (`id`, `username`, `photo`, `firstName`, `lastName`, `email`, `password`, `preferredLocale`, `weekStartDay`, `admin`, `client`, `locked`, `suspended`, `pending`, `archived`, `lastLoginDate`, `lastLoginAttemptIPAddress`, `invalidLoginWindowStart`, `invalidLoginCount`, `lastInvalidLoginDate`, `lockoutDate`, `verificationCode`, `verificationCodeIssuedDate`, `unverifiedEmail`, `passwordResetRequired`, `lastPasswordChangeDate`, `dateCreated`, `dateUpdated`, `uid`) VALUES
 ('1', 'admin', NULL, NULL, NULL, 'mjfeeney3@gmail.com', '$2y$13$EHjb05NuxdZhyeDhJE1zBejg9xiPvW1H7b4su69nO2.8W74u3XO1.', NULL, '0', '1', '0', '0', '0', '0', '0', '2016-04-03 22:36:02', '::1', NULL, NULL, '2016-03-25 02:54:13', NULL, NULL, NULL, NULL, '0', '2016-01-28 15:30:40', '2016-01-28 15:30:40', '2016-04-03 22:36:02', '29a3fa05-b7d7-4cd7-a2f6-dfb359bc9632');



DROP TABLE IF EXISTS `craft_widgets`;


--
-- Schema for table `craft_widgets`
--
CREATE TABLE `craft_widgets` (
  `id` int(11) NOT NULL AUTO_INCREMENT,
  `userId` int(11) NOT NULL,
  `type` varchar(150) COLLATE utf8_unicode_ci NOT NULL,
  `sortOrder` smallint(6) unsigned DEFAULT NULL,
  `colspan` tinyint(4) unsigned DEFAULT NULL,
  `settings` text COLLATE utf8_unicode_ci,
  `enabled` tinyint(1) unsigned NOT NULL DEFAULT '1',
  `dateCreated` datetime NOT NULL,
  `dateUpdated` datetime NOT NULL,
  `uid` char(36) COLLATE utf8_unicode_ci NOT NULL DEFAULT '0',
  PRIMARY KEY (`id`),
  KEY `craft_widgets_userId_fk` (`userId`)
) ENGINE=InnoDB AUTO_INCREMENT=7 DEFAULT CHARSET=utf8 COLLATE=utf8_unicode_ci;

--
-- Data for table `craft_widgets`
--

INSERT INTO `craft_widgets` (`id`, `userId`, `type`, `sortOrder`, `colspan`, `settings`, `enabled`, `dateCreated`, `dateUpdated`, `uid`) VALUES
 ('1', '1', 'RecentEntries', '1', NULL, NULL, '1', '2016-01-28 15:30:45', '2016-03-28 02:45:56', 'b89b1515-3fde-4e42-8abb-f3f74509885a'),
 ('2', '1', 'GetHelp', '4', NULL, NULL, '1', '2016-01-28 15:30:45', '2016-03-28 02:45:56', '6775352b-b1b6-45c8-85a3-02542858a3ac'),
 ('3', '1', 'Updates', '3', NULL, NULL, '1', '2016-01-28 15:30:45', '2016-03-28 02:45:56', '978dc063-d4a0-4084-9edc-037d03a1c41b'),
 ('4', '1', 'Feed', '4', NULL, '{\"url\":\"https:\\/\\/craftcms.com\\/news.rss\",\"title\":\"Craft News\"}', '0', '2016-01-28 15:30:45', '2016-03-28 02:45:49', 'ca451241-9295-437b-8326-d7dfc036e3dc'),
 ('5', '1', 'AmForms_RecentSubmissions', '2', NULL, '{\"form\":\"0\",\"limit\":\"10\",\"showDate\":\"date\"}', '1', '2016-03-28 02:45:35', '2016-03-28 02:45:56', 'a7dfd886-7ff5-468c-bf1b-a0e466fd681f'),
 ('6', '1', 'QuickPost', '5', NULL, '{\"section\":\"2\",\"entryType\":\"\",\"fields\":[\"6\",\"3\",\"4\",\"5\",\"29\",\"17\"]}', '1', '2016-03-28 02:46:28', '2016-03-28 02:46:28', '94f68213-ee0c-423e-975e-b699efcd499f');


--
-- Constraints for tables
--


--
-- Constraints for table `craft_amforms_content`
--
ALTER TABLE `craft_amforms_content`
	ADD CONSTRAINT `craft_amforms_content_elementId_fk` FOREIGN KEY (`elementId`) REFERENCES `craft_elements` (`id`) ON DELETE CASCADE,
	ADD CONSTRAINT `craft_amforms_content_locale_fk` FOREIGN KEY (`locale`) REFERENCES `craft_locales` (`locale`) ON DELETE CASCADE ON UPDATE CASCADE;

--
-- Constraints for table `craft_amforms_exports`
--
ALTER TABLE `craft_amforms_exports`
	ADD CONSTRAINT `craft_amforms_exports_formId_fk` FOREIGN KEY (`formId`) REFERENCES `craft_amforms_forms` (`id`) ON DELETE CASCADE;

--
-- Constraints for table `craft_amforms_forms`
--
ALTER TABLE `craft_amforms_forms`
	ADD CONSTRAINT `craft_amforms_forms_fieldLayoutId_fk` FOREIGN KEY (`fieldLayoutId`) REFERENCES `craft_fieldlayouts` (`id`) ON DELETE SET NULL,
	ADD CONSTRAINT `craft_amforms_forms_id_fk` FOREIGN KEY (`id`) REFERENCES `craft_elements` (`id`) ON DELETE CASCADE,
	ADD CONSTRAINT `craft_amforms_forms_redirectEntryId_fk` FOREIGN KEY (`redirectEntryId`) REFERENCES `craft_entries` (`id`) ON DELETE SET NULL;

--
-- Constraints for table `craft_amforms_notes`
--
ALTER TABLE `craft_amforms_notes`
	ADD CONSTRAINT `craft_amforms_notes_submissionId_fk` FOREIGN KEY (`submissionId`) REFERENCES `craft_amforms_submissions` (`id`) ON DELETE CASCADE;

--
-- Constraints for table `craft_amforms_submissions`
--
ALTER TABLE `craft_amforms_submissions`
	ADD CONSTRAINT `craft_amforms_submissions_formId_fk` FOREIGN KEY (`formId`) REFERENCES `craft_amforms_forms` (`id`) ON DELETE CASCADE,
	ADD CONSTRAINT `craft_amforms_submissions_id_fk` FOREIGN KEY (`id`) REFERENCES `craft_elements` (`id`) ON DELETE CASCADE;

--
-- Constraints for table `craft_assetfiles`
--
ALTER TABLE `craft_assetfiles`
	ADD CONSTRAINT `craft_assetfiles_folderId_fk` FOREIGN KEY (`folderId`) REFERENCES `craft_assetfolders` (`id`) ON DELETE CASCADE,
	ADD CONSTRAINT `craft_assetfiles_id_fk` FOREIGN KEY (`id`) REFERENCES `craft_elements` (`id`) ON DELETE CASCADE,
	ADD CONSTRAINT `craft_assetfiles_sourceId_fk` FOREIGN KEY (`sourceId`) REFERENCES `craft_assetsources` (`id`) ON DELETE CASCADE;

--
-- Constraints for table `craft_assetfolders`
--
ALTER TABLE `craft_assetfolders`
	ADD CONSTRAINT `craft_assetfolders_parentId_fk` FOREIGN KEY (`parentId`) REFERENCES `craft_assetfolders` (`id`) ON DELETE CASCADE,
	ADD CONSTRAINT `craft_assetfolders_sourceId_fk` FOREIGN KEY (`sourceId`) REFERENCES `craft_assetsources` (`id`) ON DELETE CASCADE;

--
-- Constraints for table `craft_assetindexdata`
--
ALTER TABLE `craft_assetindexdata`
	ADD CONSTRAINT `craft_assetindexdata_sourceId_fk` FOREIGN KEY (`sourceId`) REFERENCES `craft_assetsources` (`id`) ON DELETE CASCADE;

--
-- Constraints for table `craft_assetsources`
--
ALTER TABLE `craft_assetsources`
	ADD CONSTRAINT `craft_assetsources_fieldLayoutId_fk` FOREIGN KEY (`fieldLayoutId`) REFERENCES `craft_fieldlayouts` (`id`) ON DELETE SET NULL;

--
-- Constraints for table `craft_categories`
--
ALTER TABLE `craft_categories`
	ADD CONSTRAINT `craft_categories_groupId_fk` FOREIGN KEY (`groupId`) REFERENCES `craft_categorygroups` (`id`) ON DELETE CASCADE,
	ADD CONSTRAINT `craft_categories_id_fk` FOREIGN KEY (`id`) REFERENCES `craft_elements` (`id`) ON DELETE CASCADE;

--
-- Constraints for table `craft_categorygroups`
--
ALTER TABLE `craft_categorygroups`
	ADD CONSTRAINT `craft_categorygroups_fieldLayoutId_fk` FOREIGN KEY (`fieldLayoutId`) REFERENCES `craft_fieldlayouts` (`id`) ON DELETE SET NULL,
	ADD CONSTRAINT `craft_categorygroups_structureId_fk` FOREIGN KEY (`structureId`) REFERENCES `craft_structures` (`id`) ON DELETE CASCADE;

--
-- Constraints for table `craft_categorygroups_i18n`
--
ALTER TABLE `craft_categorygroups_i18n`
	ADD CONSTRAINT `craft_categorygroups_i18n_groupId_fk` FOREIGN KEY (`groupId`) REFERENCES `craft_categorygroups` (`id`) ON DELETE CASCADE,
	ADD CONSTRAINT `craft_categorygroups_i18n_locale_fk` FOREIGN KEY (`locale`) REFERENCES `craft_locales` (`locale`) ON DELETE CASCADE ON UPDATE CASCADE;

--
-- Constraints for table `craft_content`
--
ALTER TABLE `craft_content`
	ADD CONSTRAINT `craft_content_elementId_fk` FOREIGN KEY (`elementId`) REFERENCES `craft_elements` (`id`) ON DELETE CASCADE,
	ADD CONSTRAINT `craft_content_locale_fk` FOREIGN KEY (`locale`) REFERENCES `craft_locales` (`locale`) ON DELETE CASCADE ON UPDATE CASCADE;

--
-- Constraints for table `craft_elements_i18n`
--
ALTER TABLE `craft_elements_i18n`
	ADD CONSTRAINT `craft_elements_i18n_elementId_fk` FOREIGN KEY (`elementId`) REFERENCES `craft_elements` (`id`) ON DELETE CASCADE,
	ADD CONSTRAINT `craft_elements_i18n_locale_fk` FOREIGN KEY (`locale`) REFERENCES `craft_locales` (`locale`) ON DELETE CASCADE ON UPDATE CASCADE;

--
-- Constraints for table `craft_emailmessages`
--
ALTER TABLE `craft_emailmessages`
	ADD CONSTRAINT `craft_emailmessages_locale_fk` FOREIGN KEY (`locale`) REFERENCES `craft_locales` (`locale`) ON DELETE CASCADE ON UPDATE CASCADE;

--
-- Constraints for table `craft_entries`
--
ALTER TABLE `craft_entries`
	ADD CONSTRAINT `craft_entries_authorId_fk` FOREIGN KEY (`authorId`) REFERENCES `craft_users` (`id`) ON DELETE CASCADE,
	ADD CONSTRAINT `craft_entries_id_fk` FOREIGN KEY (`id`) REFERENCES `craft_elements` (`id`) ON DELETE CASCADE,
	ADD CONSTRAINT `craft_entries_sectionId_fk` FOREIGN KEY (`sectionId`) REFERENCES `craft_sections` (`id`) ON DELETE CASCADE,
	ADD CONSTRAINT `craft_entries_typeId_fk` FOREIGN KEY (`typeId`) REFERENCES `craft_entrytypes` (`id`) ON DELETE CASCADE;

--
-- Constraints for table `craft_entrydrafts`
--
ALTER TABLE `craft_entrydrafts`
	ADD CONSTRAINT `craft_entrydrafts_creatorId_fk` FOREIGN KEY (`creatorId`) REFERENCES `craft_users` (`id`) ON DELETE CASCADE,
	ADD CONSTRAINT `craft_entrydrafts_entryId_fk` FOREIGN KEY (`entryId`) REFERENCES `craft_entries` (`id`) ON DELETE CASCADE,
	ADD CONSTRAINT `craft_entrydrafts_locale_fk` FOREIGN KEY (`locale`) REFERENCES `craft_locales` (`locale`) ON DELETE CASCADE ON UPDATE CASCADE,
	ADD CONSTRAINT `craft_entrydrafts_sectionId_fk` FOREIGN KEY (`sectionId`) REFERENCES `craft_sections` (`id`) ON DELETE CASCADE;

--
-- Constraints for table `craft_entrytypes`
--
ALTER TABLE `craft_entrytypes`
	ADD CONSTRAINT `craft_entrytypes_fieldLayoutId_fk` FOREIGN KEY (`fieldLayoutId`) REFERENCES `craft_fieldlayouts` (`id`) ON DELETE SET NULL,
	ADD CONSTRAINT `craft_entrytypes_sectionId_fk` FOREIGN KEY (`sectionId`) REFERENCES `craft_sections` (`id`) ON DELETE CASCADE;

--
-- Constraints for table `craft_entryversions`
--
ALTER TABLE `craft_entryversions`
	ADD CONSTRAINT `craft_entryversions_creatorId_fk` FOREIGN KEY (`creatorId`) REFERENCES `craft_users` (`id`) ON DELETE SET NULL,
	ADD CONSTRAINT `craft_entryversions_entryId_fk` FOREIGN KEY (`entryId`) REFERENCES `craft_entries` (`id`) ON DELETE CASCADE,
	ADD CONSTRAINT `craft_entryversions_locale_fk` FOREIGN KEY (`locale`) REFERENCES `craft_locales` (`locale`) ON DELETE CASCADE ON UPDATE CASCADE,
	ADD CONSTRAINT `craft_entryversions_sectionId_fk` FOREIGN KEY (`sectionId`) REFERENCES `craft_sections` (`id`) ON DELETE CASCADE;

--
-- Constraints for table `craft_fieldlayoutfields`
--
ALTER TABLE `craft_fieldlayoutfields`
	ADD CONSTRAINT `craft_fieldlayoutfields_fieldId_fk` FOREIGN KEY (`fieldId`) REFERENCES `craft_fields` (`id`) ON DELETE CASCADE,
	ADD CONSTRAINT `craft_fieldlayoutfields_layoutId_fk` FOREIGN KEY (`layoutId`) REFERENCES `craft_fieldlayouts` (`id`) ON DELETE CASCADE,
	ADD CONSTRAINT `craft_fieldlayoutfields_tabId_fk` FOREIGN KEY (`tabId`) REFERENCES `craft_fieldlayouttabs` (`id`) ON DELETE CASCADE;

--
-- Constraints for table `craft_fieldlayouttabs`
--
ALTER TABLE `craft_fieldlayouttabs`
	ADD CONSTRAINT `craft_fieldlayouttabs_layoutId_fk` FOREIGN KEY (`layoutId`) REFERENCES `craft_fieldlayouts` (`id`) ON DELETE CASCADE;

--
-- Constraints for table `craft_fields`
--
ALTER TABLE `craft_fields`
	ADD CONSTRAINT `craft_fields_groupId_fk` FOREIGN KEY (`groupId`) REFERENCES `craft_fieldgroups` (`id`) ON DELETE CASCADE;

--
-- Constraints for table `craft_globalsets`
--
ALTER TABLE `craft_globalsets`
	ADD CONSTRAINT `craft_globalsets_fieldLayoutId_fk` FOREIGN KEY (`fieldLayoutId`) REFERENCES `craft_fieldlayouts` (`id`) ON DELETE SET NULL,
	ADD CONSTRAINT `craft_globalsets_id_fk` FOREIGN KEY (`id`) REFERENCES `craft_elements` (`id`) ON DELETE CASCADE;

--
-- Constraints for table `craft_matrixblocks`
--
ALTER TABLE `craft_matrixblocks`
	ADD CONSTRAINT `craft_matrixblocks_fieldId_fk` FOREIGN KEY (`fieldId`) REFERENCES `craft_fields` (`id`) ON DELETE CASCADE,
	ADD CONSTRAINT `craft_matrixblocks_id_fk` FOREIGN KEY (`id`) REFERENCES `craft_elements` (`id`) ON DELETE CASCADE,
	ADD CONSTRAINT `craft_matrixblocks_ownerId_fk` FOREIGN KEY (`ownerId`) REFERENCES `craft_elements` (`id`) ON DELETE CASCADE,
	ADD CONSTRAINT `craft_matrixblocks_ownerLocale_fk` FOREIGN KEY (`ownerLocale`) REFERENCES `craft_locales` (`locale`) ON DELETE CASCADE ON UPDATE CASCADE,
	ADD CONSTRAINT `craft_matrixblocks_typeId_fk` FOREIGN KEY (`typeId`) REFERENCES `craft_matrixblocktypes` (`id`) ON DELETE CASCADE;

--
-- Constraints for table `craft_matrixblocktypes`
--
ALTER TABLE `craft_matrixblocktypes`
	ADD CONSTRAINT `craft_matrixblocktypes_fieldId_fk` FOREIGN KEY (`fieldId`) REFERENCES `craft_fields` (`id`) ON DELETE CASCADE,
	ADD CONSTRAINT `craft_matrixblocktypes_fieldLayoutId_fk` FOREIGN KEY (`fieldLayoutId`) REFERENCES `craft_fieldlayouts` (`id`) ON DELETE SET NULL;

--
-- Constraints for table `craft_migrations`
--
ALTER TABLE `craft_migrations`
	ADD CONSTRAINT `craft_migrations_pluginId_fk` FOREIGN KEY (`pluginId`) REFERENCES `craft_plugins` (`id`) ON DELETE CASCADE;

--
-- Constraints for table `craft_relations`
--
ALTER TABLE `craft_relations`
	ADD CONSTRAINT `craft_relations_fieldId_fk` FOREIGN KEY (`fieldId`) REFERENCES `craft_fields` (`id`) ON DELETE CASCADE,
	ADD CONSTRAINT `craft_relations_sourceId_fk` FOREIGN KEY (`sourceId`) REFERENCES `craft_elements` (`id`) ON DELETE CASCADE,
	ADD CONSTRAINT `craft_relations_sourceLocale_fk` FOREIGN KEY (`sourceLocale`) REFERENCES `craft_locales` (`locale`) ON DELETE CASCADE ON UPDATE CASCADE,
	ADD CONSTRAINT `craft_relations_targetId_fk` FOREIGN KEY (`targetId`) REFERENCES `craft_elements` (`id`) ON DELETE CASCADE;

--
-- Constraints for table `craft_routes`
--
ALTER TABLE `craft_routes`
	ADD CONSTRAINT `craft_routes_locale_fk` FOREIGN KEY (`locale`) REFERENCES `craft_locales` (`locale`) ON DELETE CASCADE ON UPDATE CASCADE;

--
-- Constraints for table `craft_sections`
--
ALTER TABLE `craft_sections`
	ADD CONSTRAINT `craft_sections_structureId_fk` FOREIGN KEY (`structureId`) REFERENCES `craft_structures` (`id`) ON DELETE SET NULL;

--
-- Constraints for table `craft_sections_i18n`
--
ALTER TABLE `craft_sections_i18n`
	ADD CONSTRAINT `craft_sections_i18n_locale_fk` FOREIGN KEY (`locale`) REFERENCES `craft_locales` (`locale`) ON DELETE CASCADE ON UPDATE CASCADE,
	ADD CONSTRAINT `craft_sections_i18n_sectionId_fk` FOREIGN KEY (`sectionId`) REFERENCES `craft_sections` (`id`) ON DELETE CASCADE;

--
-- Constraints for table `craft_sessions`
--
ALTER TABLE `craft_sessions`
	ADD CONSTRAINT `craft_sessions_userId_fk` FOREIGN KEY (`userId`) REFERENCES `craft_users` (`id`) ON DELETE CASCADE;

--
-- Constraints for table `craft_shunnedmessages`
--
ALTER TABLE `craft_shunnedmessages`
	ADD CONSTRAINT `craft_shunnedmessages_userId_fk` FOREIGN KEY (`userId`) REFERENCES `craft_users` (`id`) ON DELETE CASCADE;

--
-- Constraints for table `craft_structureelements`
--
ALTER TABLE `craft_structureelements`
	ADD CONSTRAINT `craft_structureelements_elementId_fk` FOREIGN KEY (`elementId`) REFERENCES `craft_elements` (`id`) ON DELETE CASCADE,
	ADD CONSTRAINT `craft_structureelements_structureId_fk` FOREIGN KEY (`structureId`) REFERENCES `craft_structures` (`id`) ON DELETE CASCADE;

--
-- Constraints for table `craft_taggroups`
--
ALTER TABLE `craft_taggroups`
	ADD CONSTRAINT `craft_taggroups_fieldLayoutId_fk` FOREIGN KEY (`fieldLayoutId`) REFERENCES `craft_fieldlayouts` (`id`) ON DELETE SET NULL;

--
-- Constraints for table `craft_tags`
--
ALTER TABLE `craft_tags`
	ADD CONSTRAINT `craft_tags_groupId_fk` FOREIGN KEY (`groupId`) REFERENCES `craft_taggroups` (`id`) ON DELETE CASCADE,
	ADD CONSTRAINT `craft_tags_id_fk` FOREIGN KEY (`id`) REFERENCES `craft_elements` (`id`) ON DELETE CASCADE;

--
-- Constraints for table `craft_templatecachecriteria`
--
ALTER TABLE `craft_templatecachecriteria`
	ADD CONSTRAINT `craft_templatecachecriteria_cacheId_fk` FOREIGN KEY (`cacheId`) REFERENCES `craft_templatecaches` (`id`) ON DELETE CASCADE;

--
-- Constraints for table `craft_templatecacheelements`
--
ALTER TABLE `craft_templatecacheelements`
	ADD CONSTRAINT `craft_templatecacheelements_cacheId_fk` FOREIGN KEY (`cacheId`) REFERENCES `craft_templatecaches` (`id`) ON DELETE CASCADE,
	ADD CONSTRAINT `craft_templatecacheelements_elementId_fk` FOREIGN KEY (`elementId`) REFERENCES `craft_elements` (`id`) ON DELETE CASCADE;

--
-- Constraints for table `craft_templatecaches`
--
ALTER TABLE `craft_templatecaches`
	ADD CONSTRAINT `craft_templatecaches_locale_fk` FOREIGN KEY (`locale`) REFERENCES `craft_locales` (`locale`) ON DELETE CASCADE ON UPDATE CASCADE;

--
-- Constraints for table `craft_usergroups_users`
--
ALTER TABLE `craft_usergroups_users`
	ADD CONSTRAINT `craft_usergroups_users_groupId_fk` FOREIGN KEY (`groupId`) REFERENCES `craft_usergroups` (`id`) ON DELETE CASCADE,
	ADD CONSTRAINT `craft_usergroups_users_userId_fk` FOREIGN KEY (`userId`) REFERENCES `craft_users` (`id`) ON DELETE CASCADE;

--
-- Constraints for table `craft_userpermissions_usergroups`
--
ALTER TABLE `craft_userpermissions_usergroups`
	ADD CONSTRAINT `craft_userpermissions_usergroups_groupId_fk` FOREIGN KEY (`groupId`) REFERENCES `craft_usergroups` (`id`) ON DELETE CASCADE,
	ADD CONSTRAINT `craft_userpermissions_usergroups_permissionId_fk` FOREIGN KEY (`permissionId`) REFERENCES `craft_userpermissions` (`id`) ON DELETE CASCADE;

--
-- Constraints for table `craft_userpermissions_users`
--
ALTER TABLE `craft_userpermissions_users`
	ADD CONSTRAINT `craft_userpermissions_users_permissionId_fk` FOREIGN KEY (`permissionId`) REFERENCES `craft_userpermissions` (`id`) ON DELETE CASCADE,
	ADD CONSTRAINT `craft_userpermissions_users_userId_fk` FOREIGN KEY (`userId`) REFERENCES `craft_users` (`id`) ON DELETE CASCADE;

--
-- Constraints for table `craft_users`
--
ALTER TABLE `craft_users`
	ADD CONSTRAINT `craft_users_id_fk` FOREIGN KEY (`id`) REFERENCES `craft_elements` (`id`) ON DELETE CASCADE,
	ADD CONSTRAINT `craft_users_preferredLocale_fk` FOREIGN KEY (`preferredLocale`) REFERENCES `craft_locales` (`locale`) ON DELETE SET NULL ON UPDATE CASCADE;

--
-- Constraints for table `craft_widgets`
--
ALTER TABLE `craft_widgets`
	ADD CONSTRAINT `craft_widgets_userId_fk` FOREIGN KEY (`userId`) REFERENCES `craft_users` (`id`) ON DELETE CASCADE;

SET FOREIGN_KEY_CHECKS = 1;
